UTC	Local	fline_area_km2	fperim_area_km2	nfp_area_km2	fline	fperim	nfp	u_mean	v_mean	ws_mean	wd_mean	d2m	lh	lw	m1	m10	m100	sp	t2m	tp	230evt	230fbfm13	230fbfm40	240roads_23	adj	asp2020	cbd	cbh	cc	ch	elev2020	slpd2020	mean_rh	vpd
2021-08-14 00:00:00	2021-08-13 16:00:00							3.941849	0.849335	4.032312	257.840591	5.921381	41.061905	67.039391	7.773688	7.767420	6.664326	84887.625000	29.311823	0.029657	7269.921875	16.044621	153.783157	1.666331	1.000000	258.740382	7.279062	12.012074	37.510254	186.545074	1795.215576	14.335217	22.803682	3.148396
2021-08-14 00:30:00	2021-08-13 16:30:00																																	
2021-08-14 01:00:00	2021-08-13 17:00:00							2.817417	0.393305	2.844736	262.053003	6.717401	41.061905	67.039391	6.520590	7.541725	6.650647	84882.843750	27.953302	0.000139													26.065519	2.787082
2021-08-14 01:30:00	2021-08-13 17:30:00																																	
2021-08-14 02:00:00	2021-08-13 18:00:00							2.088834	0.102850	2.091365	267.181144	7.619165	41.061905	67.039391	6.238679	7.398637	6.643851	84905.640625	26.344720	0.000155													30.469149	2.385290
2021-08-14 02:30:00	2021-08-13 18:30:00																																	
2021-08-14 03:00:00	2021-08-13 19:00:00							0.669386	-0.703009	0.970721	316.403454	8.545038	41.061905	67.039391	6.626321	7.363912	6.647475	84917.851562	24.438501	0.000155													36.340738	1.950113
2021-08-14 03:30:00	2021-08-13 19:30:00																																	
2021-08-14 04:00:00	2021-08-13 20:00:00							-0.308214	-0.734529	0.796573	22.763313	10.254541	41.061905	67.039391	7.222369	7.404947	6.658942	84965.414062	23.017542	0.000155													44.412487	1.563354
2021-08-14 04:30:00	2021-08-13 20:30:00																																	
2021-08-14 05:00:00	2021-08-13 21:00:00							-1.684420	-0.395322	1.730188	76.792099	9.520837	41.061905	67.039391	7.558230	7.449108	6.671037	84996.250000	21.761560	0.000155													45.633184	1.416663
2021-08-14 05:30:00	2021-08-13 21:30:00																																	
2021-08-14 06:00:00	2021-08-13 22:00:00							-1.216425	0.002279	1.216428	90.107346	9.741510	41.061905	67.039391	7.808994	7.504238	6.684637	84984.429688	20.528070	0.000155													49.956304	1.208965
2021-08-14 06:30:00	2021-08-13 22:30:00																																	
2021-08-14 07:00:00	2021-08-13 23:00:00							-0.879188	-0.210182	0.903963	76.554962	9.551935	41.061905	67.039391	7.812381	7.532362	6.695713	84952.312500	19.753717	0.000582													51.743102	1.111293
2021-08-14 07:30:00	2021-08-13 23:30:00																																	
2021-08-14 08:00:00	2021-08-14 00:00:00							-1.094381	-0.234309	1.119183	77.915298	9.746759	41.061905	67.039391	7.800142	7.555431	6.706409	84974.539062	19.427789	0.000582													53.496898	1.049448
2021-08-14 08:30:00	2021-08-14 00:30:00																																	
2021-08-14 09:00:00	2021-08-14 01:00:00							-1.457525	-0.185510	1.469283	82.746536	9.592889	41.061905	67.039391	7.704568	7.560266	6.715248	84952.570312	19.525507	0.000582													52.626067	1.075614
2021-08-14 09:30:00	2021-08-14 01:30:00																																	
2021-08-14 10:00:00	2021-08-14 02:00:00							-0.897372	-0.321295	0.953156	70.300568	9.440424	41.061905	67.039391	7.620412	7.558098	6.723287	84952.875000	18.967340	0.001440													53.931252	1.010251
2021-08-14 10:30:00	2021-08-14 02:30:00																																	
2021-08-14 11:00:00	2021-08-14 03:00:00							-1.408647	-0.019490	1.408781	89.207291	9.519281	41.061905	67.039391	7.640081	7.567275	6.732457	84927.617188	18.173761	0.001440													56.979527	0.897686
2021-08-14 11:30:00	2021-08-14 03:30:00																																	
2021-08-14 12:00:00	2021-08-14 04:00:00							-0.890466	0.507877	1.025119	119.698257	9.871118	41.061905	67.039391	7.631804	7.572353	6.741183	84939.617188	17.731836	0.001440													59.986767	0.812046
2021-08-14 12:30:00	2021-08-14 04:30:00																																	
2021-08-14 13:00:00	2021-08-14 05:00:00							-1.018786	-0.094834	1.023190	84.681900	10.214166	41.061905	67.039391	7.607057	7.573252	6.749419	84940.304688	17.061670	0.001446													64.035746	0.699618
2021-08-14 13:30:00	2021-08-14 05:30:00																																	
2021-08-14 14:00:00	2021-08-14 06:00:00							-1.926316	-0.057819	1.927183	88.280762	10.592310	41.061905	67.039391	7.778635	7.607285	6.761178	84975.476562	17.187372	0.002304													65.153132	0.683298
2021-08-14 14:30:00	2021-08-14 06:30:00																																	
2021-08-14 15:00:00	2021-08-14 07:00:00							-2.005399	0.030001	2.005623	90.857101	11.563135	41.061905	67.039391	7.655963	7.600605	6.768739	84987.773438	21.207910	0.003154													54.096799	1.156276
2021-08-14 15:30:00	2021-08-14 07:30:00																																	
2021-08-14 16:00:00	2021-08-14 08:00:00							-1.391705	0.980646	1.702501	125.169922	5.688165	41.061905	67.039391	6.975309	7.482702	6.764096	84988.882812	26.366968	0.003286													26.640425	2.519940
2021-08-14 16:30:00	2021-08-14 08:30:00																																	
2021-08-14 17:00:00	2021-08-14 09:00:00							0.484828	0.456318	0.665796	226.735130	4.784235	41.061905	67.039391	6.077154	7.274723	6.748573	84988.492188	28.585962	0.003294													21.971311	3.051566
2021-08-14 17:30:00	2021-08-14 09:30:00																																	
2021-08-14 18:00:00	2021-08-14 10:00:00							2.570287	-0.633544	2.647216	283.846684	4.570093	41.061905	67.039391	5.393380	7.043148	6.728607	84992.531250	30.036615	0.003480													19.907814	3.405507
2021-08-14 18:30:00	2021-08-14 10:30:00																																	
2021-08-14 19:00:00	2021-08-14 11:00:00							2.602008	-0.876870	2.745787	288.623692	5.190332	41.061905	67.039391	4.854450	6.796900	6.704976	84990.468750	31.360559	0.003665													19.276894	3.701670
2021-08-14 19:30:00	2021-08-14 11:30:00																																	
2021-08-14 20:00:00	2021-08-14 12:00:00							3.564850	-0.135562	3.567426	272.177754	5.294550	41.061905	67.039391	4.568453	6.569901	6.681253	84966.820312	32.042535	0.004085													18.681693	3.875806
2021-08-14 20:30:00	2021-08-14 12:30:00																																	
2021-08-14 21:00:00	2021-08-14 13:00:00							4.690539	-0.182183	4.694076	272.224276	5.577631	41.061905	67.039391	4.496323	6.376192	6.659152	84968.304688	32.046075	0.005782													19.049360	3.859054
2021-08-14 21:30:00	2021-08-14 13:30:00																																	
2021-08-14 22:00:00	2021-08-14 14:00:00							5.090528	-0.882724	5.166495	279.837566	6.190027	41.061905	67.039391	4.619889	6.228794	6.640392	85012.562500	31.373285	0.132298													20.647046	3.641470
2021-08-14 22:30:00	2021-08-14 14:30:00																																	
2021-08-14 23:00:00	2021-08-14 15:00:00							5.182838	-1.998221	5.554701	291.083931	6.223932	41.061905	67.039391	4.711714	6.100125	6.622405	84964.273438	30.931085	0.251994													21.222500	3.525290
2021-08-14 23:30:00	2021-08-14 15:30:00																																	
2021-08-15 00:00:00	2021-08-14 16:00:00							4.666883	-1.079252	4.790051	283.021171	7.330927	39.963509	66.340416	4.885525	6.006167	6.607099	84964.671875	29.787042	0.287118													24.450685	3.166658
2021-08-15 00:30:00	2021-08-14 16:30:00																																	
2021-08-15 01:00:00	2021-08-14 17:00:00							3.833702	-2.586185	4.624459	304.003292	7.650995	39.963509	66.340416	5.089175	5.941769	6.594229	84936.164062	29.052301	0.003683													26.072336	2.970266
2021-08-15 01:30:00	2021-08-14 17:30:00																																	
2021-08-15 02:00:00	2021-08-14 18:00:00							3.063679	-1.242450	3.306026	292.074621	8.522302	39.963509	66.340416	5.326827	5.907710	6.584145	84924.570312	27.582330	0.003902													30.131231	2.577440
2021-08-15 02:30:00	2021-08-14 18:30:00																																	
2021-08-15 03:00:00	2021-08-14 19:00:00							1.564177	-0.993455	1.852998	302.420822	9.446161	39.963509	66.340416	5.935769	5.965220	6.583760	84946.859375	25.707422	0.021646													35.811732	2.120613
2021-08-15 03:30:00	2021-08-14 19:30:00																																	
2021-08-15 04:00:00	2021-08-14 20:00:00							0.242046	-0.930149	0.961126	345.413826	10.560968	39.963509	66.340416	6.680289	6.096993	6.591997	84977.601562	24.333246	0.032281													41.880423	1.769233
2021-08-15 04:30:00	2021-08-14 20:30:00																																	
2021-08-15 05:00:00	2021-08-14 21:00:00							-0.857175	-1.197780	1.472897	35.588905	10.327753	39.963509	66.340416	7.126175	6.230162	6.601593	84992.750000	23.058588	0.032283													44.519761	1.564215
2021-08-15 05:30:00	2021-08-14 21:30:00																																	
2021-08-15 06:00:00	2021-08-14 22:00:00							-1.491413	-1.496611	2.112855	44.900314	10.332513	39.963509	66.340416	7.363932	6.353981	6.611387	84983.218750	21.617365	0.032283													48.611897	1.327300
2021-08-15 06:30:00	2021-08-14 22:30:00																																	
2021-08-15 07:00:00	2021-08-14 23:00:00							-1.511557	-1.925169	2.447668	38.137405	9.500970	39.963509	66.340416	7.560823	6.480708	6.622613	84940.210938	20.600122	0.032283													48.937298	1.239072
2021-08-15 07:30:00	2021-08-14 23:30:00																																	
2021-08-15 08:00:00	2021-08-15 00:00:00							-1.799634	-1.132317	2.126223	57.822189	9.593378	39.963509	66.340416	7.578595	6.581427	6.632148	84925.023438	19.907892	0.032283													51.394000	1.130081
2021-08-15 08:30:00	2021-08-15 00:30:00																																	
2021-08-15 09:00:00	2021-08-15 01:00:00							-2.369691	-1.134937	2.627455	64.408432	9.710596	39.963509	66.340416	7.579050	6.671531	6.641425	84905.726562	19.289789	0.032283													53.827279	1.033085
2021-08-15 09:30:00	2021-08-15 01:30:00	1.710000	2.430000	0.810000	19.000000	27.000000	9.000000																											
2021-08-15 10:00:00	2021-08-15 02:00:00							-2.761162	-0.749480	2.861073	74.813736	9.857385	39.963509	66.340416	7.480797	6.735719	6.648682	84861.132812	18.737360	0.032283													56.266239	0.945369
2021-08-15 10:30:00	2021-08-15 02:30:00																																	
2021-08-15 11:00:00	2021-08-15 03:00:00							-2.944477	-0.719933	3.031213	76.260559	9.950403	39.963509	66.340416	7.367565	6.782537	6.654613	84854.945312	18.348779	0.032283													58.012683	0.885802
2021-08-15 11:30:00	2021-08-15 03:30:00																																	
2021-08-15 12:00:00	2021-08-15 04:00:00							-3.136238	-0.431352	3.165762	82.168777	10.051050	39.963509	66.340416	7.197060	6.804565	6.658255	84827.398438	17.969476	0.032283													59.813152	0.827862
2021-08-15 12:30:00	2021-08-15 04:30:00																																	
2021-08-15 13:00:00	2021-08-15 05:00:00							-2.390807	-0.327522	2.413137	82.199463	10.134515	39.963509	66.340416	7.045533	6.812639	6.660563	84827.875000	17.537103	0.032281													61.809259	0.765601
2021-08-15 13:30:00	2021-08-15 05:30:00																																	
2021-08-15 14:00:00	2021-08-15 06:00:00							-3.042904	-0.650981	3.111758	77.924500	10.434351	39.963509	66.340416	6.983039	6.822380	6.663109	84843.757812	17.707574	0.032281													62.386487	0.762179
2021-08-15 14:30:00	2021-08-15 06:30:00																																	
2021-08-15 15:00:00	2021-08-15 07:00:00							-3.202183	-0.412199	3.228605	82.664963	11.918451	39.963509	66.340416	6.836037	6.810341	6.663363	84845.867188	21.727777	0.032281													53.647560	1.205339
2021-08-15 15:30:00	2021-08-15 07:30:00																																	
2021-08-15 16:00:00	2021-08-15 08:00:00							-2.492215	-0.452423	2.532947	79.710876	6.683801	39.963509	66.340416	6.309929	6.717666	6.654750	84831.726562	27.422327	0.032281													26.823809	2.674324
2021-08-15 16:30:00	2021-08-15 08:30:00																																	
2021-08-15 17:00:00	2021-08-15 09:00:00							-2.876211	-0.285825	2.890378	84.324814	5.634027	39.963509	66.340416	5.642081	6.560269	6.638293	84817.523438	30.026178	0.032281													21.454106	3.337761
2021-08-15 17:30:00	2021-08-15 09:30:00																																	
2021-08-15 18:00:00	2021-08-15 10:00:00							-2.612322	-0.343491	2.634808	82.509216	5.465265	39.963509	66.340416	4.940001	6.350609	6.614787	84804.648438	31.551019	0.032281													19.438207	3.734411
2021-08-15 18:30:00	2021-08-15 10:30:00																																	
2021-08-15 19:00:00	2021-08-15 11:00:00							0.033528	-0.265901	0.268007	352.813446	5.063135	39.963509	66.340416	4.460841	6.136745	6.589003	84821.500000	32.541071	0.105740													17.873217	4.025936
2021-08-15 19:30:00	2021-08-15 11:30:00																																	
2021-08-15 20:00:00	2021-08-15 12:00:00							1.434042	-0.514964	1.523701	289.753206	5.023950	39.963509	66.340416	4.249216	5.947237	6.564018	84788.265625	32.872064	0.105769													17.495832	4.120393
2021-08-15 20:30:00	2021-08-15 12:30:00																																	
2021-08-15 21:00:00	2021-08-15 13:00:00							2.325262	0.055427	2.325922	268.634502	5.165948	39.963509	66.340416	4.168089	5.779296	6.539761	84737.742188	33.541071	0.119280													17.020162	4.302369
2021-08-15 21:30:00	2021-08-15 13:30:00	1.800000	3.960000	0.900000	20.000000	44.000000	10.000000																											
2021-08-15 22:00:00	2021-08-15 14:00:00							3.060954	-0.752834	3.152173	283.817495	5.605005	39.963509	66.340416	4.220710	5.643341	6.517567	84707.164062	33.585992	0.162886													17.504189	4.288019
2021-08-15 22:30:00	2021-08-15 14:30:00																																	
2021-08-15 23:00:00	2021-08-15 15:00:00							2.964586	-0.503827	3.007094	279.645171	6.290491	39.963509	66.340416	4.332753	5.535141	6.497270	84658.179688	32.953241	0.176619													19.017118	4.062887
2021-08-15 23:30:00	2021-08-15 15:30:00																																	
2021-08-16 00:00:00	2021-08-15 16:00:00							2.893789	-1.278934	3.163809	293.843422	6.817926	38.795254	65.596977	4.589220	5.472900	6.481097	84651.125000	32.170679	0.178345													20.608982	3.811426
2021-08-16 00:30:00	2021-08-15 16:30:00																																	
2021-08-16 01:00:00	2021-08-15 17:00:00							2.256027	-0.860864	2.414694	290.886061	8.194238	38.795254	65.596977	4.876332	5.444965	6.468194	84628.726562	30.727228	0.004541													24.575424	3.336251
2021-08-16 01:30:00	2021-08-15 17:30:00																																	
2021-08-16 02:00:00	2021-08-15 18:00:00							1.031749	-0.524454	1.157393	296.944929	9.950983	38.795254	65.596977	5.382828	5.485084	6.462526	84612.078125	28.995416	0.004541													30.563100	2.780682
2021-08-16 02:30:00	2021-08-15 18:30:00																																	
2021-08-16 03:00:00	2021-08-15 19:00:00							0.677417	-0.732662	0.997841	317.243649	10.994775	38.795254	65.596977	6.170024	5.617990	6.467371	84610.234375	26.961206	0.004541													36.889854	2.244975
2021-08-16 03:30:00	2021-08-15 19:30:00																																	
2021-08-16 04:00:00	2021-08-15 20:00:00							-0.595716	-0.809540	1.005103	36.348244	12.097375	38.795254	65.596977	6.856653	5.791804	6.477907	84618.148438	25.641260	0.004541													42.895052	1.879216
2021-08-16 04:30:00	2021-08-15 20:30:00																																	
2021-08-16 05:00:00	2021-08-15 21:00:00							-1.026165	-0.966958	1.409973	46.701523	12.041620	38.795254	65.596977	7.262033	5.961132	6.489555	84612.375000	24.116235	0.004543													46.805719	1.598381
2021-08-16 05:30:00	2021-08-15 21:30:00																																	
2021-08-16 06:00:00	2021-08-15 22:00:00							-1.701031	-1.582200	2.323115	47.072815	12.140741	38.795254	65.596977	7.477420	6.117465	6.501338	84600.695312	22.651727	0.004543													51.462640	1.335165
2021-08-16 06:30:00	2021-08-15 22:30:00																																	
2021-08-16 07:00:00	2021-08-15 23:00:00							-1.372548	-0.968642	1.679927	54.788376	9.767023	38.795254	65.596977	7.565001	6.256052	6.512611	84545.992188	22.013055	0.004543													45.688077	1.437113
2021-08-16 07:30:00	2021-08-15 23:30:00																																	
2021-08-16 08:00:00	2021-08-16 00:00:00							-1.284837	-0.239231	1.306919	79.452560	10.058496	38.795254	65.596977	7.476628	6.358264	6.521186	84516.273438	21.074243	0.004543													49.343553	1.265585
2021-08-16 08:30:00	2021-08-16 00:30:00																																	
2021-08-16 09:00:00	2021-08-16 01:00:00							-1.880064	-0.529386	1.953175	74.273911	10.247827	38.795254	65.596977	7.395453	6.444570	6.528953	84476.679688	20.292902	0.004543													52.435820	1.132510
2021-08-16 09:30:00	2021-08-16 01:30:00	3.420000	7.110000	2.340000	38.000000	79.000000	26.000000																											
2021-08-16 10:00:00	2021-08-16 02:00:00							-1.497837	-0.280499	1.523875	79.393097	10.490045	38.795254	65.596977	7.258298	6.505648	6.534751	84442.929688	19.601282	0.004543													55.623383	1.012314
2021-08-16 10:30:00	2021-08-16 02:30:00																																	
2021-08-16 11:00:00	2021-08-16 03:00:00							-1.928024	-0.267561	1.946501	82.099258	10.726740	38.795254	65.596977	7.198102	6.562726	6.540658	84426.960938	18.967920	0.005396													58.780653	0.903940
2021-08-16 11:30:00	2021-08-16 03:30:00																																	
2021-08-16 12:00:00	2021-08-16 04:00:00							-1.065709	0.777993	1.319473	126.130341	10.863397	38.795254	65.596977	7.084453	6.599566	6.544870	84415.000000	18.458276	0.005396													61.238619	0.823376
2021-08-16 12:30:00	2021-08-16 04:30:00																																	
2021-08-16 13:00:00	2021-08-16 05:00:00							-0.832652	0.673960	1.071229	128.987213	10.846277	38.795254	65.596977	7.058206	6.638601	6.549640	84389.367188	18.141351	0.005396													62.397119	0.783044
2021-08-16 13:30:00	2021-08-16 05:30:00																																	
2021-08-16 14:00:00	2021-08-16 06:00:00							-0.877490	0.320906	0.934328	110.087921	11.026971	38.795254	65.596977	6.995112	6.665090	6.553384	84385.585938	18.324274	0.005396													62.430612	0.791380
2021-08-16 14:30:00	2021-08-16 06:30:00																																	
2021-08-16 15:00:00	2021-08-16 07:00:00							-0.830481	0.521572	0.980681	122.130341	12.785577	38.795254	65.596977	6.924365	6.682109	6.556324	84402.687500	22.283380	0.005396													54.904177	1.213053
2021-08-16 15:30:00	2021-08-16 07:30:00																																	
2021-08-16 16:00:00	2021-08-16 08:00:00							-0.539936	0.398204	0.670893	126.408890	6.767206	38.795254	65.596977	6.505337	6.628319	6.551721	84366.054688	27.826074	0.006261													26.349639	2.755864
2021-08-16 16:30:00	2021-08-16 08:30:00																																	
2021-08-16 17:00:00	2021-08-16 09:00:00							1.027562	-0.089665	1.031467	274.987008	4.360468	38.795254	65.596977	5.804606	6.490692	6.537543	84371.132812	30.334741	0.006686													19.285213	3.491088
2021-08-16 17:30:00	2021-08-16 09:30:00																																	
2021-08-16 18:00:00	2021-08-16 10:00:00							1.782887	1.032691	2.060373	239.919548	3.771173	38.795254	65.596977	5.185098	6.316895	6.518232	84349.296875	31.754816	0.006763													17.065592	3.889037
2021-08-16 18:30:00	2021-08-16 10:30:00																																	
2021-08-16 19:00:00	2021-08-16 11:00:00							3.758977	0.257796	3.767807	266.076724	3.257013	38.795254	65.596977	4.732450	6.132987	6.496312	84354.093750	32.125513	0.006763													16.115351	4.016903
2021-08-16 19:30:00	2021-08-16 11:30:00																																	
2021-08-16 20:00:00	2021-08-16 12:00:00							5.661857	0.905295	5.733775	260.915668	3.375269	38.795254	65.596977	4.479555	5.960887	6.474086	84337.695312	32.591577	0.006763													15.829513	4.137864
2021-08-16 20:30:00	2021-08-16 12:30:00																																	
2021-08-16 21:00:00	2021-08-16 13:00:00							5.525743	0.840862	5.589355	261.347585	3.967737	38.795254	65.596977	4.312474	5.796988	6.451283	84293.101562	32.294611	0.027671													16.783841	4.023092
2021-08-16 21:30:00	2021-08-16 13:30:00	5.400000	18.450000	6.300000	60.000000	205.000000	70.000000																											
2021-08-16 22:00:00	2021-08-16 14:00:00							4.972980	1.522165	5.200723	252.981325	4.469141	38.795254	65.596977	4.299912	5.660702	6.430093	84291.890625	31.888605	0.029757													17.788837	3.884417
2021-08-16 22:30:00	2021-08-16 14:30:00																																	
2021-08-16 23:00:00	2021-08-16 15:00:00							5.961217	1.566607	6.163633	255.275629	4.927545	38.795254	65.596977	4.332933	5.543816	6.409880	84228.929688	31.732782	0.032235													18.531416	3.815537
2021-08-16 23:30:00	2021-08-16 15:30:00																																	
2021-08-17 00:00:00	2021-08-16 16:00:00							4.831420	1.352419	5.017136	254.361916	5.482111	38.002647	65.092590	4.599167	5.482572	6.394755	84229.882812	30.759821	0.032232													20.356567	3.529419
2021-08-17 00:30:00	2021-08-16 16:30:00																																	
2021-08-17 01:00:00	2021-08-16 17:00:00							4.062328	1.988375	4.522847	243.919785	6.140924	38.002647	65.092590	4.876400	5.452878	6.382602	84177.039062	29.528253	0.000000													22.865964	3.185325
2021-08-17 01:30:00	2021-08-16 17:30:00																																	
2021-08-17 02:00:00	2021-08-16 18:00:00							2.745774	1.846887	3.309119	236.074085	7.296442	38.002647	65.092590	5.359135	5.487999	6.377307	84191.085938	27.731226	0.000000													27.476130	2.698742
2021-08-17 02:30:00	2021-08-16 18:30:00																																	
2021-08-17 03:00:00	2021-08-16 19:00:00							1.249566	1.978583	2.340129	212.274284	8.330438	38.002647	65.092590	6.066807	5.604144	6.381197	84177.460938	25.402216	0.000000													33.816082	2.147317
2021-08-17 03:30:00	2021-08-16 19:30:00																																	
2021-08-17 04:00:00	2021-08-16 20:00:00							0.767829	2.435538	2.553705	197.498009	8.884088	38.002647	65.092590	6.647571	5.750775	6.389493	84172.500000	23.621393	0.000000													39.053431	1.777676
2021-08-17 04:30:00	2021-08-16 20:30:00																																	
2021-08-17 05:00:00	2021-08-16 21:00:00							1.300421	2.465931	2.787815	207.805149	9.197443	38.002647	65.092590	7.021358	5.899227	6.399341	84174.007812	22.196649	0.000000													43.481169	1.512324
2021-08-17 05:30:00	2021-08-16 21:30:00																																	
2021-08-17 06:00:00	2021-08-16 22:00:00							1.079693	2.499190	2.722441	203.365173	9.361108	38.002647	65.092590	7.305042	6.051752	6.410988	84148.085938	21.154321	0.000000													46.854664	1.334308
2021-08-17 06:30:00	2021-08-16 22:30:00																																	
2021-08-17 07:00:00	2021-08-16 23:00:00							-0.567097	2.103100	2.178217	164.909225	8.083826	38.002647	65.092590	7.352001	6.173375	6.420663	84115.062500	20.560480	0.000000													44.571042	1.341741
2021-08-17 07:30:00	2021-08-16 23:30:00																																	
2021-08-17 08:00:00	2021-08-17 00:00:00							-0.059382	3.314904	3.315436	178.973732	7.722437	38.002647	65.092590	7.821681	6.364585	6.438982	84069.132812	19.764032	0.000000													45.681433	1.251686
2021-08-17 08:30:00	2021-08-17 00:30:00																																	
2021-08-17 09:00:00	2021-08-17 01:00:00							0.443038	3.376028	3.404974	187.476242	7.244806	38.002647	65.092590	8.157973	6.556849	6.459109	84056.640625	19.150415	0.000000													45.932354	1.199274
2021-08-17 09:30:00	2021-08-17 01:30:00	11.610000	74.610000	23.310000	129.000000	829.000000	259.000000																											
2021-08-17 10:00:00	2021-08-17 02:00:00							1.405512	4.334567	4.556746	197.965630	6.856592	38.002647	65.092590	8.161469	6.702025	6.475813	84016.570312	18.526178	0.000000													46.503008	1.141236
2021-08-17 10:30:00	2021-08-17 02:30:00																																	
2021-08-17 11:00:00	2021-08-17 03:00:00							1.418996	5.176688	5.367648	195.328972	6.683527	38.002647	65.092590	7.904337	6.787353	6.487283	84017.804688	17.896478	0.000000													47.805408	1.070299
2021-08-17 11:30:00	2021-08-17 03:30:00																																	
2021-08-17 12:00:00	2021-08-17 04:00:00							1.994362	4.562632	4.979467	203.610512	6.531122	38.002647	65.092590	7.936115	6.893929	6.501782	84022.664062	17.310907	0.000000													49.085972	1.006183
2021-08-17 12:30:00	2021-08-17 04:30:00																																	
2021-08-17 13:00:00	2021-08-17 05:00:00							2.059170	3.644942	4.186381	209.463810	6.120874	38.002647	65.092590	8.047413	7.008111	6.518008	84015.617188	16.805109	0.000000													49.268547	0.970963
2021-08-17 13:30:00	2021-08-17 05:30:00																																	
2021-08-17 14:00:00	2021-08-17 06:00:00							1.725923	4.897260	5.192491	199.413795	5.866602	38.002647	65.092590	7.816317	7.060210	6.528458	84035.757812	16.732385	0.000000													48.632802	0.978602
2021-08-17 14:30:00	2021-08-17 06:30:00																																	
2021-08-17 15:00:00	2021-08-17 07:00:00							2.344010	7.274716	7.643028	197.859634	5.249414	38.002647	65.092590	7.418446	7.056628	6.533277	84057.570312	19.802667	0.000000													38.427058	1.422255
2021-08-17 15:30:00	2021-08-17 07:30:00																																	
2021-08-17 16:00:00	2021-08-17 08:00:00							2.697802	6.607788	7.137296	202.209023	2.981592	38.002647	65.092590	7.126590	7.036594	6.536229	84062.320312	22.555902	0.000000													27.671580	1.978076
2021-08-17 16:30:00	2021-08-17 08:30:00																																	
2021-08-17 17:00:00	2021-08-17 09:00:00							2.473487	5.582887	6.106288	203.895645	1.799097	38.002647	65.092590	6.845389	6.993945	6.536502	84074.617188	24.397455	0.000000													22.761611	2.360287
2021-08-17 17:30:00	2021-08-17 09:30:00																																	
2021-08-17 18:00:00	2021-08-17 10:00:00							3.126502	7.035158	7.698601	203.960899	1.300958	38.002647	65.092590	6.425953	6.904799	6.531312	84071.617188	25.934259	0.000435													20.042719	2.677289
2021-08-17 18:30:00	2021-08-17 10:30:00																																	
2021-08-17 19:00:00	2021-08-17 11:00:00							5.018950	6.491442	8.205405	217.709915	2.192499	38.002647	65.092590	6.425323	6.861457	6.530268	84095.820312	26.985193	0.000435													20.083461	2.846822
2021-08-17 19:30:00	2021-08-17 11:30:00																																	
2021-08-17 20:00:00	2021-08-17 12:00:00							4.745597	6.703436	8.213205	215.296017	3.005396	38.002647	65.092590	6.229722	6.786766	6.525409	84056.593750	27.432581	0.000435													20.729889	2.898772
2021-08-17 20:30:00	2021-08-17 12:30:00																																	
2021-08-17 21:00:00	2021-08-17 13:00:00							5.604360	5.697714	7.992045	224.526756	3.666254	38.002647	65.092590	6.321527	6.753054	6.524312	84023.304688	27.674768	0.000435													21.417292	2.914584
2021-08-17 21:30:00	2021-08-17 13:30:00	19.350000	206.370000	50.580000	215.000000	2293.000000	562.000000																											
2021-08-17 22:00:00	2021-08-17 14:00:00							5.626947	4.815992	7.406505	229.440445	4.289606	38.002647	65.092590	6.456085	6.738393	6.524961	84004.625000	27.475275	0.000435													22.640354	2.835980
2021-08-17 22:30:00	2021-08-17 14:30:00																																	
2021-08-17 23:00:00	2021-08-17 15:00:00							5.989566	5.050130	7.834457	229.863934	5.010614	38.002647	65.092590	7.202048	6.847599	6.538898	83966.804688	26.756525	0.000435													24.837124	2.641771
2021-08-17 23:30:00	2021-08-17 15:30:00																																	
2021-08-18 00:00:00	2021-08-17 16:00:00							3.646645	5.277710	6.415002	214.642616	5.721857	39.387234	65.973694	7.349926	6.906298	6.548288	83937.156250	25.721368	0.000435													27.741210	2.389215
2021-08-18 00:30:00	2021-08-17 16:30:00																																	
2021-08-18 01:00:00	2021-08-17 17:00:00							4.887484	4.371182	6.557037	228.191753	6.328546	39.387234	65.973694	7.550866	6.982630	6.560073	83905.046875	24.447046	0.000000													31.210975	2.108334
2021-08-18 01:30:00	2021-08-17 17:30:00																																	
2021-08-18 02:00:00	2021-08-17 18:00:00							3.526151	3.657315	5.080324	223.953949	7.129877	39.387234	65.973694	8.137559	7.139863	6.581266	83900.328125	22.745172	0.000000													36.539144	1.755598
2021-08-18 02:30:00	2021-08-17 18:30:00																																	
2021-08-18 03:00:00	2021-08-17 19:00:00							3.577888	2.720760	4.494865	232.749283	8.009149	39.387234	65.973694	8.562156	7.306599	6.604822	83941.851562	20.783655	0.000000													43.739736	1.380710
2021-08-18 03:30:00	2021-08-17 19:30:00																																	
2021-08-18 04:00:00	2021-08-17 20:00:00							1.577514	2.228580	2.730406	215.293003	8.563348	39.387234	65.973694	9.057403	7.509369	6.633688	83974.437500	19.409662	0.000000													49.447178	1.139554
2021-08-18 04:30:00	2021-08-17 20:30:00																																	
2021-08-18 05:00:00	2021-08-17 21:00:00							1.148264	2.013964	2.318310	209.689686	9.229822	39.387234	65.973694	9.851585	7.792520	6.672977	83983.656250	18.408136	0.000000													55.063860	0.951547
2021-08-18 05:30:00	2021-08-17 21:30:00																																	
2021-08-18 06:00:00	2021-08-17 22:00:00							0.759779	1.363056	1.560508	209.135674	9.360529	39.387234	65.973694	10.432061	8.083219	6.715472	83976.351562	17.385675	0.000000													59.242752	0.809276
2021-08-18 06:30:00	2021-08-17 22:30:00																																	
2021-08-18 07:00:00	2021-08-17 23:00:00							0.256827	2.009170	2.025518	187.284462	8.809473	39.387234	65.973694	10.407789	8.290884	6.751392	83955.039062	16.431177	0.000000													60.641194	0.735605
2021-08-18 07:30:00	2021-08-17 23:30:00																																	
2021-08-18 08:00:00	2021-08-18 00:00:00							0.773418	2.669494	2.779275	196.157616	8.753961	39.387234	65.973694	10.452312	8.490032	6.788069	83947.398438	15.743677	0.000000													63.123958	0.659613
2021-08-18 08:30:00	2021-08-18 00:30:00																																	
2021-08-18 09:00:00	2021-08-18 01:00:00							0.719265	2.001322	2.126648	199.768173	8.487878	39.387234	65.973694	10.487417	8.673520	6.824637	83934.882812	15.267938	0.000000													63.916369	0.626046
2021-08-18 09:30:00	2021-08-18 01:30:00	23.490000	327.420000	135.900000	261.000000	3638.000000	1510.000000																											
2021-08-18 10:00:00	2021-08-18 02:00:00							0.114812	2.228678	2.231634	182.949036	8.355096	39.387234	65.973694	10.933271	8.917778	6.869237	83929.210938	14.774561	0.000000													65.386886	0.581761
2021-08-18 10:30:00	2021-08-18 02:30:00																																	
2021-08-18 11:00:00	2021-08-18 03:00:00							-0.030984	2.046374	2.046608	179.132568	8.253076	39.387234	65.973694	11.441991	9.191586	6.918997	83919.914062	14.446344	0.000000													66.326319	0.554101
2021-08-18 11:30:00	2021-08-18 03:30:00																																	
2021-08-18 12:00:00	2021-08-18 04:00:00							-0.448543	1.488629	1.554737	163.231766	8.274774	39.387234	65.973694	11.436419	9.393742	6.963179	83933.179688	14.213983	0.000000													67.430721	0.527928
2021-08-18 12:30:00	2021-08-18 04:30:00																																	
2021-08-18 13:00:00	2021-08-18 05:00:00							-0.596111	1.960136	2.048775	163.084602	8.300592	39.387234	65.973694	11.562079	9.600838	7.009444	83925.476562	13.883691	0.000000													69.012017	0.491649
2021-08-18 13:30:00	2021-08-18 05:30:00																																	
2021-08-18 14:00:00	2021-08-18 06:00:00							-0.755188	1.832941	1.982418	157.607918	8.544916	39.387234	65.973694	11.205171	9.713449	7.047036	83953.445312	13.395715	0.000000													72.430068	0.423746
2021-08-18 14:30:00	2021-08-18 06:30:00																																	
2021-08-18 15:00:00	2021-08-18 07:00:00							-0.504539	1.468690	1.552936	161.040863	8.032831	39.387234	65.973694	10.580464	9.735320	7.075519	83995.359375	16.379968	0.002175													57.715210	0.787718
2021-08-18 15:30:00	2021-08-18 07:30:00																																	
2021-08-18 16:00:00	2021-08-18 08:00:00							0.084557	1.453958	1.456415	183.328384	6.711969	39.387234	65.973694	10.204042	9.743650	7.102468	84010.929688	18.576776	0.003339													45.897057	1.157825
2021-08-18 16:30:00	2021-08-18 08:30:00																																	
2021-08-18 17:00:00	2021-08-18 09:00:00							0.984870	0.925462	1.351462	226.781200	5.317773	39.387234	65.973694	9.391250	9.638454	7.116921	84022.773438	20.250146	0.005380													37.555804	1.482884
2021-08-18 17:30:00	2021-08-18 09:30:00																																	
2021-08-18 18:00:00	2021-08-18 10:00:00							1.869920	1.587505	2.452911	229.669765	4.151117	39.387234	65.973694	8.718641	9.494690	7.126019	84047.960938	21.618066	0.017734													31.821546	1.761052
2021-08-18 18:30:00	2021-08-18 10:30:00																																	
2021-08-18 19:00:00	2021-08-18 11:00:00							1.907332	1.208224	2.257813	237.647263	1.362482	39.387234	65.973694	8.322312	9.353069	7.133852	84067.453125	22.044733	0.017734													25.426270	1.977060
2021-08-18 19:30:00	2021-08-18 11:30:00																																	
2021-08-18 20:00:00	2021-08-18 12:00:00							2.941915	0.980480	3.101001	251.567827	0.938348	39.387234	65.973694	8.413265	9.276438	7.147272	84077.882812	22.844232	0.017734													23.491733	2.129284
2021-08-18 20:30:00	2021-08-18 12:30:00																																	
2021-08-18 21:00:00	2021-08-18 13:00:00							2.648469	1.252437	2.929673	244.690960	1.138635	39.387234	65.973694	8.515239	9.216925	7.161666	84077.445312	23.187128	0.018157													23.344487	2.178084
2021-08-18 21:30:00	2021-08-18 13:30:00	11.790000	331.200000	24.840000	131.000000	3680.000000	276.000000																											
2021-08-18 22:00:00	2021-08-18 14:00:00							1.338810	1.149456	1.764557	229.351765	1.072168	39.387234	65.973694	8.571219	9.163687	7.176017	84113.976562	23.350824	0.018172													23.004451	2.209470
2021-08-18 22:30:00	2021-08-18 14:30:00																																	
2021-08-18 23:00:00	2021-08-18 15:00:00							1.969455	0.503889	2.032893	255.648627	0.889795	39.387234	65.973694	8.557726	9.107764	7.189415	84080.460938	23.372797	0.018172													22.673546	2.221908
2021-08-18 23:30:00	2021-08-18 15:30:00																																	
2021-08-19 00:00:00	2021-08-18 16:00:00							2.419083	0.697243	2.517560	253.921638	0.504053	38.999863	65.727180	8.851096	9.111079	7.208560	84102.070312	23.222406	0.018172													22.250519	2.213880
2021-08-19 00:30:00	2021-08-18 16:30:00																																	
2021-08-19 01:00:00	2021-08-18 17:00:00							0.655154	-0.035956	0.656140	273.141313	-0.092993	38.999863	65.727180	8.871841	9.091354	7.225050	84090.984375	22.450616	0.000000													22.325489	2.110747
2021-08-19 01:30:00	2021-08-18 17:30:00																																	
2021-08-19 02:00:00	2021-08-18 18:00:00							-0.628147	-1.400690	1.535090	24.154099	-0.985297	38.999863	65.727180	8.809153	9.060219	7.239949	84133.273438	21.109918	0.000000													22.699670	1.935482
2021-08-19 02:30:00	2021-08-18 18:30:00																																	
2021-08-19 03:00:00	2021-08-18 19:00:00							-1.079429	-0.780597	1.332103	54.127151	-0.953436	38.999863	65.727180	9.335903	9.132664	7.265632	84179.554688	19.190363	0.000000													25.620099	1.653931
2021-08-19 03:30:00	2021-08-18 19:30:00																																	
2021-08-19 04:00:00	2021-08-18 20:00:00							-3.398125	-1.535101	3.728778	65.688950	-0.569342	38.999863	65.727180	9.766160	9.228700	7.294332	84215.585938	17.997369	0.000000													28.393907	1.477698
2021-08-19 04:30:00	2021-08-18 20:30:00																																	
2021-08-19 05:00:00	2021-08-18 21:00:00							-3.390187	-1.002053	3.535177	73.533646	-0.312567	38.999863	65.727180	9.443435	9.218948	7.312216	84272.539062	17.017145	0.000000													30.778103	1.342791
2021-08-19 05:30:00	2021-08-18 21:30:00																																	
2021-08-19 06:00:00	2021-08-18 22:00:00							-4.576683	-1.509046	4.819050	71.751312	-0.040778	38.999863	65.727180	8.858223	9.133548	7.321624	84255.804688	15.637384	0.000000													34.278431	1.167608
2021-08-19 06:30:00	2021-08-18 22:30:00																																	
2021-08-19 07:00:00	2021-08-18 23:00:00							-6.870236	-2.249869	7.229250	71.867371	0.457391	38.999863	65.727180	8.393295	9.024744	7.327566	84233.046875	14.385645	0.000426													38.524294	1.007620
2021-08-19 07:30:00	2021-08-18 23:30:00																																	
2021-08-19 08:00:00	2021-08-19 00:00:00							-5.482457	-1.621412	5.717195	73.524658	-0.047003	38.999863	65.727180	8.153812	8.924498	7.333311	84226.273438	13.846582	0.000861													38.459039	0.974045
2021-08-19 08:30:00	2021-08-19 00:30:00																																	
2021-08-19 09:00:00	2021-08-19 01:00:00							-3.853630	-1.016961	3.985558	75.216827	-0.294257	38.999863	65.727180	8.263526	8.874732	7.343494	84225.156250	13.299371	0.000861													39.142359	0.929512
2021-08-19 09:30:00	2021-08-19 01:30:00	23.040000	357.030000	47.610000	256.000000	3967.000000	529.000000																											
2021-08-19 10:00:00	2021-08-19 02:00:00							-4.544610	-0.653160	4.591306	81.821335	-0.526190	38.999863	65.727180	8.312823	8.828455	7.353469	84185.132812	12.983545	0.000861													39.287379	0.908358
2021-08-19 10:30:00	2021-08-19 02:30:00																																	
2021-08-19 11:00:00	2021-08-19 03:00:00							-4.313084	-0.978839	4.422761	77.213501	-0.255438	38.999863	65.727180	8.404696	8.798493	7.364663	84218.898438	12.668573	0.000861													40.907158	0.866069
2021-08-19 11:30:00	2021-08-19 03:30:00																																	
2021-08-19 12:00:00	2021-08-19 04:00:00							-3.430385	-0.877317	3.540794	75.654160	0.203973	38.999863	65.727180	8.499354	8.780034	7.376701	84214.007812	12.319788	0.000861													43.278449	0.812488
2021-08-19 12:30:00	2021-08-19 04:30:00																																	
2021-08-19 13:00:00	2021-08-19 05:00:00							-3.469096	-1.373411	3.731070	68.401428	0.562341	38.999863	65.727180	8.791391	8.807426	7.393414	84232.992188	12.044366	0.000861													45.231168	0.770418
2021-08-19 13:30:00	2021-08-19 05:30:00																																	
2021-08-19 14:00:00	2021-08-19 06:00:00							-2.953101	-1.254489	3.208512	66.984009	0.912622	38.999863	65.727180	8.682071	8.786240	7.404964	84251.554688	12.205377	0.000861													45.902279	0.769092
2021-08-19 14:30:00	2021-08-19 06:30:00																																	
2021-08-19 15:00:00	2021-08-19 07:00:00							-2.829681	-1.038713	3.014303	69.842926	0.376215	38.999863	65.727180	8.236791	8.696435	7.408748	84294.125000	15.092645	0.000861													36.590564	1.087817
2021-08-19 15:30:00	2021-08-19 07:30:00																																	
2021-08-19 16:00:00	2021-08-19 08:00:00							-2.220446	-1.048992	2.455761	64.712799	-1.075049	38.999863	65.727180	7.919996	8.597738	7.410652	84307.257812	18.277826	0.000861													26.883135	1.535689
2021-08-19 16:30:00	2021-08-19 08:30:00																																	
2021-08-19 17:00:00	2021-08-19 09:00:00							-0.644795	-0.838070	1.057413	37.573982	-1.564764	38.999863	65.727180	7.322343	8.428640	7.403934	84319.164062	20.280206	0.000846													22.892440	1.834504
2021-08-19 17:30:00	2021-08-19 09:30:00																																	
2021-08-19 18:00:00	2021-08-19 10:00:00							0.058714	-0.854279	0.856294	356.068253	-1.484106	38.999863	65.727180	6.663545	8.209813	7.390233	84314.398438	21.983331	0.000846													20.743749	2.093353
2021-08-19 18:30:00	2021-08-19 10:30:00																																	
2021-08-19 19:00:00	2021-08-19 11:00:00							1.069353	-1.256736	1.650122	319.605637	-0.428473	38.999863	65.727180	6.057790	7.960844	7.371252	84330.398438	22.687372	0.000846													21.475066	2.164736
2021-08-19 19:30:00	2021-08-19 11:30:00																																	
2021-08-19 20:00:00	2021-08-19 12:00:00							1.692907	-1.695282	2.395812	315.040161	0.117578	38.999863	65.727180	5.839501	7.749627	7.354115	84312.820312	23.700372	0.000846													21.020647	2.314627
2021-08-19 20:30:00	2021-08-19 12:30:00																																	
2021-08-19 21:00:00	2021-08-19 13:00:00							1.868606	-1.170757	2.205076	302.068798	0.631372	38.999863	65.727180	5.927520	7.593079	7.341007	84276.367188	24.417169	0.000846													20.900550	2.420011
2021-08-19 21:30:00	2021-08-19 13:30:00	15.390000	362.790000	30.150000	171.000000	4031.000000	335.000000																											
2021-08-19 22:00:00	2021-08-19 14:00:00							1.600647	-1.174901	1.985564	306.279270	1.015802	38.999863	65.727180	5.979507	7.452102	7.328184	84271.726562	24.802484	0.000846													21.000371	2.473241
2021-08-19 22:30:00	2021-08-19 14:30:00																																	
2021-08-19 23:00:00	2021-08-19 15:00:00							1.883583	-1.012127	2.138290	298.250967	0.978052	38.999863	65.727180	6.166957	7.353007	7.318649	84230.804688	24.767816	0.000850													20.986599	2.468561
2021-08-19 23:30:00	2021-08-19 15:30:00																																	
2021-08-20 00:00:00	2021-08-19 16:00:00							1.935789	-0.779736	2.086927	291.939587	0.828973	39.035900	65.750122	6.493903	7.304967	7.313775	84232.210938	24.362634	0.000853													21.270726	2.400838
2021-08-20 00:30:00	2021-08-19 16:30:00																																	
2021-08-20 01:00:00	2021-08-19 17:00:00							0.800222	-1.607639	1.795789	333.537621	0.687402	39.035900	65.750122	6.724207	7.273330	7.310256	84237.960938	23.417932	0.000000													22.283467	2.239203
2021-08-20 01:30:00	2021-08-19 17:30:00																																	
2021-08-20 02:00:00	2021-08-19 18:00:00							0.163116	-1.382653	1.392241	353.271729	0.856165	39.035900	65.750122	7.121812	7.295549	7.312304	84244.125000	21.976984	0.000000													24.616224	1.990301
2021-08-20 02:30:00	2021-08-19 18:30:00																																	
2021-08-20 03:00:00	2021-08-19 19:00:00							-1.343331	-1.453600	1.979265	42.742294	1.874719	39.035900	65.750122	7.732379	7.390109	7.322397	84258.828125	19.869012	0.000000													30.151905	1.620049
2021-08-20 03:30:00	2021-08-19 19:30:00																																	
2021-08-20 04:00:00	2021-08-19 20:00:00							-1.537956	-1.504531	2.151493	45.629425	2.941949	39.035900	65.750122	8.370790	7.536280	7.338916	84261.179688	18.383691	0.000000													35.692460	1.359662
2021-08-20 04:30:00	2021-08-19 20:30:00																																	
2021-08-20 05:00:00	2021-08-19 21:00:00							-3.237985	-1.735038	3.673541	61.815857	3.292963	39.035900	65.750122	8.709903	7.672849	7.355662	84271.179688	17.192621	0.000000													39.442433	1.187842
2021-08-20 05:30:00	2021-08-19 21:30:00																																	
2021-08-20 06:00:00	2021-08-19 22:00:00							-3.487649	-0.834156	3.586017	76.549011	3.093225	39.035900	65.750122	8.564007	7.740128	7.366066	84249.773438	15.971307	0.000000													42.028247	1.052162
2021-08-20 06:30:00	2021-08-19 22:30:00																																	
2021-08-20 07:00:00	2021-08-19 23:00:00							-3.701503	-0.650374	3.758205	80.034531	3.639032	39.035900	65.750122	8.385206	7.782221	7.374294	84245.882812	15.175684	0.000000													45.968284	0.931902
2021-08-20 07:30:00	2021-08-19 23:30:00																																	
2021-08-20 08:00:00	2021-08-20 00:00:00							-4.442923	-0.638292	4.488539	81.824539	2.911523	39.035900	65.750122	8.240308	7.810495	7.381356	84229.023438	14.629999	0.000000													45.222562	0.912124
2021-08-20 08:30:00	2021-08-20 00:30:00																																	
2021-08-20 09:00:00	2021-08-20 01:00:00							-4.862384	-0.406109	4.879314	85.225693	2.304559	39.035900	65.750122	8.104941	7.824854	7.387115	84228.914062	14.193414	0.000000													44.550231	0.897610
2021-08-20 09:30:00	2021-08-20 01:30:00	22.590000	387.900000	49.680000	251.000000	4310.000000	552.000000																											
2021-08-20 10:00:00	2021-08-20 02:00:00							-4.576919	-0.753379	4.638509	80.652695	2.255670	39.035900	65.750122	8.081255	7.845864	7.393681	84180.156250	13.858270	0.000000													45.370909	0.865303
2021-08-20 10:30:00	2021-08-20 02:30:00																																	
2021-08-20 11:00:00	2021-08-20 03:00:00							-4.552931	-0.372940	4.568180	85.317230	2.464136	39.035900	65.750122	8.292015	7.905169	7.404541	84179.664062	13.534540	0.000000													47.030879	0.821526
2021-08-20 11:30:00	2021-08-20 03:30:00																																	
2021-08-20 12:00:00	2021-08-20 04:00:00							-3.753004	0.198695	3.758260	93.030594	2.582086	39.035900	65.750122	8.523063	7.981811	7.417758	84171.640625	13.190729	0.000000													48.503392	0.780977
2021-08-20 12:30:00	2021-08-20 04:30:00																																	
2021-08-20 13:00:00	2021-08-20 05:00:00							-2.819656	0.306419	2.836257	96.202164	2.740991	39.035900	65.750122	8.498932	8.026317	7.428108	84174.710938	12.818719	0.000000													50.263383	0.736153
2021-08-20 13:30:00	2021-08-20 05:30:00																																	
2021-08-20 14:00:00	2021-08-20 06:00:00							-2.341331	-0.288101	2.358990	82.985001	3.050287	39.035900	65.750122	8.577120	8.083100	7.440126	84191.070312	12.816644	0.000000													51.386884	0.719426
2021-08-20 14:30:00	2021-08-20 06:30:00																																	
2021-08-20 15:00:00	2021-08-20 07:00:00							-2.288244	0.108394	2.290810	92.712082	2.620050	39.035900	65.750122	8.172214	8.054589	7.443329	84212.773438	15.983179	0.000000													40.607857	1.078760
2021-08-20 15:30:00	2021-08-20 07:30:00																																	
2021-08-20 16:00:00	2021-08-20 08:00:00							-1.461992	0.761048	1.648216	117.499481	-0.712744	39.035900	65.750122	7.608306	7.963387	7.439422	84207.148438	19.627985	0.000000													25.375973	1.705139
2021-08-20 16:30:00	2021-08-20 08:30:00																																	
2021-08-20 17:00:00	2021-08-20 09:00:00							-0.943887	1.256974	1.571911	143.096390	-1.008002	39.035900	65.750122	6.744864	7.775427	7.424164	84212.718750	21.797052	0.000000													21.728503	2.043983
2021-08-20 17:30:00	2021-08-20 09:30:00																																	
2021-08-20 18:00:00	2021-08-20 10:00:00							1.993025	1.818252	2.697812	227.625568	-0.136603	39.035900	65.750122	6.312993	7.604411	7.409055	84203.960938	23.407587	0.000000													21.002445	2.274693
2021-08-20 18:30:00	2021-08-20 10:30:00																																	
2021-08-20 19:00:00	2021-08-20 11:00:00							3.054743	1.243500	3.298143	247.850142	0.439111	39.035900	65.750122	6.082358	7.446182	7.393804	84173.148438	24.323419	0.000852													20.727418	2.411738
2021-08-20 19:30:00	2021-08-20 11:30:00																																	
2021-08-20 20:00:00	2021-08-20 12:00:00							3.157389	2.281438	3.895391	234.149212	1.617120	39.035900	65.750122	5.924520	7.294560	7.377871	84140.054688	25.117761	0.000852													21.521136	2.503528
2021-08-20 20:30:00	2021-08-20 12:30:00																																	
2021-08-20 21:00:00	2021-08-20 13:00:00							3.125984	3.121790	4.417845	225.038467	2.687128	39.035900	65.750122	5.804338	7.149175	7.361285	84120.085938	25.605646	0.001705													22.568010	2.542766
2021-08-20 21:30:00	2021-08-20 13:30:00	11.430000	390.960000	20.430000	127.000000	4344.000000	227.000000																											
2021-08-20 22:00:00	2021-08-20 14:00:00							3.466150	2.080665	4.042692	239.024393	3.549860	39.035900	65.750122	5.859366	7.037704	7.347116	84069.757812	25.649286	0.001723													23.929581	2.504525
2021-08-20 22:30:00	2021-08-20 14:30:00																																	
2021-08-20 23:00:00	2021-08-20 15:00:00							3.477350	3.106622	4.662946	228.222790	4.167841	39.035900	65.750122	6.064705	6.968403	7.336569	84034.617188	25.234155	0.001723													25.618297	2.389311
2021-08-20 23:30:00	2021-08-20 15:30:00																																	
2021-08-21 00:00:00	2021-08-20 16:00:00							3.128049	2.087443	3.760599	236.283604	4.637994	39.594700	66.105721	6.271108	6.924088	7.328157	84035.539062	24.309747	0.001723													27.978791	2.189334
2021-08-21 00:30:00	2021-08-20 16:30:00																																	
2021-08-21 01:00:00	2021-08-20 17:00:00							2.667860	2.005733	3.337730	233.063667	5.067804	39.594700	66.105721	6.700128	6.942603	7.326208	84020.429688	22.883905	0.000000													31.416502	1.913322
2021-08-21 01:30:00	2021-08-20 17:30:00																																	
2021-08-21 02:00:00	2021-08-20 18:00:00							1.529851	1.463331	2.117022	226.273132	5.702173	39.594700	66.105721	7.462954	7.058450	7.335019	84003.914062	21.123193	0.000000													36.554022	1.589885
2021-08-21 02:30:00	2021-08-20 18:30:00																																	
2021-08-21 03:00:00	2021-08-20 19:00:00							0.202646	1.586011	1.598905	187.281273	6.429346	39.594700	66.105721	8.507628	7.283595	7.356732	84002.914062	19.103235	0.000000													43.555708	1.248314
2021-08-21 03:30:00	2021-08-20 19:30:00																																	
2021-08-21 04:00:00	2021-08-20 20:00:00							1.885210	2.116282	2.834196	221.695045	7.129785	39.594700	66.105721	9.380846	7.551766	7.385104	84004.335938	17.654169	0.000000													50.052255	1.008711
2021-08-21 04:30:00	2021-08-20 20:30:00																																	
2021-08-21 05:00:00	2021-08-20 21:00:00							0.788941	1.514657	1.707810	207.513710	8.282343	39.594700	66.105721	9.871931	7.805563	7.414265	84032.945312	16.607935	0.000000													57.857796	0.796532
2021-08-21 05:30:00	2021-08-20 21:30:00																																	
2021-08-21 06:00:00	2021-08-20 22:00:00							0.231136	1.589138	1.605859	188.275490	8.140802	39.594700	66.105721	10.115688	8.036122	7.443106	84007.460938	15.540582	0.000000													61.344195	0.682511
2021-08-21 06:30:00	2021-08-20 22:30:00																																	
2021-08-21 07:00:00	2021-08-20 23:00:00							0.637037	2.260587	2.348631	195.737930	8.114526	39.594700	66.105721	10.274415	8.252521	7.472386	83957.187500	14.547754	0.000000													65.275037	0.575157
2021-08-21 07:30:00	2021-08-20 23:30:00																																	
2021-08-21 08:00:00	2021-08-21 00:00:00							0.500368	2.471511	2.521653	191.445084	7.953912	39.594700	66.105721	10.487761	8.473574	7.504003	83944.359375	13.896600	0.000852													67.346786	0.518504
2021-08-21 08:30:00	2021-08-21 00:30:00																																	
2021-08-21 09:00:00	2021-08-21 01:00:00							0.700962	2.635982	2.727590	194.891502	7.651605	39.594700	66.105721	10.691963	8.692280	7.537220	83929.093750	13.371759	0.000852													68.264587	0.487007
2021-08-21 09:30:00	2021-08-21 01:30:00	18.900000	409.410000	38.790000	210.000000	4549.000000	431.000000																											
2021-08-21 10:00:00	2021-08-21 02:00:00							1.613569	3.918773	4.237969	202.379601	7.361780	39.594700	66.105721	10.611599	8.858295	7.566538	83860.132812	12.926813	0.000852													68.899100	0.463595
2021-08-21 10:30:00	2021-08-21 02:30:00																																	
2021-08-21 11:00:00	2021-08-21 03:00:00							2.051738	3.759324	4.282773	208.624531	7.120264	39.594700	66.105721	10.440987	8.985773	7.593015	83836.570312	12.675684	0.000852													68.892353	0.456128
2021-08-21 11:30:00	2021-08-21 03:30:00																																	
2021-08-21 12:00:00	2021-08-21 04:00:00							1.822904	4.223597	4.600190	203.345024	6.923151	39.594700	66.105721	10.301265	9.091918	7.618167	83842.648438	12.376245	0.000852													69.315902	0.441158
2021-08-21 12:30:00	2021-08-21 04:30:00																																	
2021-08-21 13:00:00	2021-08-21 05:00:00							1.809256	3.548579	3.983192	207.014935	6.740472	39.594700	66.105721	10.384726	9.216165	7.646076	83840.179688	11.991876	0.000852													70.205100	0.417669
2021-08-21 13:30:00	2021-08-21 05:30:00																																	
2021-08-21 14:00:00	2021-08-21 06:00:00							1.113500	3.074252	3.269695	199.910484	6.708856	39.594700	66.105721	10.367325	9.318517	7.672554	83847.351562	12.058008	0.000852													69.747758	0.425933
2021-08-21 14:30:00	2021-08-21 06:30:00																																	
2021-08-21 15:00:00	2021-08-21 07:00:00							1.376770	4.122929	4.346727	198.465729	6.652582	39.594700	66.105721	10.005268	9.347827	7.691850	83880.375000	15.488397	0.000852													55.589051	0.781505
2021-08-21 15:30:00	2021-08-21 07:30:00																																	
2021-08-21 16:00:00	2021-08-21 08:00:00							1.634333	6.769048	6.963552	193.573837	6.072687	39.594700	66.105721	9.361438	9.290929	7.701894	83857.117188	18.086694	0.000852													45.286971	1.135441
2021-08-21 16:30:00	2021-08-21 08:30:00																																	
2021-08-21 17:00:00	2021-08-21 09:00:00							2.853939	9.693483	10.104879	196.405396	5.364374	39.594700	66.105721	8.229854	9.092973	7.695982	83852.187500	19.761865	0.000852													38.834006	1.409285
2021-08-21 17:30:00	2021-08-21 09:30:00																																	
2021-08-21 18:00:00	2021-08-21 10:00:00							1.547386	6.698262	6.874672	193.007881	4.974512	39.594700	66.105721	7.428823	8.870419	7.685522	83873.890625	21.014032	0.000852													34.982233	1.618390
2021-08-21 18:30:00	2021-08-21 10:30:00																																	
2021-08-21 19:00:00	2021-08-21 11:00:00							5.058503	8.142996	9.586284	211.848934	4.489832	39.594700	66.105721	6.993945	8.661752	7.674491	83896.343750	21.491602	0.000852													32.840265	1.721373
2021-08-21 19:30:00	2021-08-21 11:30:00																																	
2021-08-21 20:00:00	2021-08-21 12:00:00							5.332417	6.929593	8.743793	217.578781	4.617700	39.594700	66.105721	6.986472	8.509838	7.667680	83879.054688	22.029169	0.000852													32.065731	1.799331
2021-08-21 20:30:00	2021-08-21 12:30:00																																	
2021-08-21 21:00:00	2021-08-21 13:00:00							4.265877	7.688478	8.792633	209.023277	4.694788	39.594700	66.105721	7.003391	8.375367	7.661340	83889.164062	22.380884	0.000852													31.556528	1.852037
2021-08-21 21:30:00	2021-08-21 13:30:00	18.360000	469.980000	43.290000	204.000000	5222.000000	481.000000																											
2021-08-21 22:00:00	2021-08-21 14:00:00							5.145817	8.132626	9.623878	212.323071	4.744257	39.594700	66.105721	7.042681	8.258602	7.655667	83893.601562	22.428094	0.000852													31.575233	1.856850
2021-08-21 22:30:00	2021-08-21 14:30:00																																	
2021-08-21 23:00:00	2021-08-21 15:00:00							7.206690	7.688505	10.538002	223.147301	4.941583	39.594700	66.105721	7.009517	8.142844	7.649015	83880.914062	22.029291	0.000852													32.800053	1.779895
2021-08-21 23:30:00	2021-08-21 15:30:00																																	
2021-08-22 00:00:00	2021-08-21 16:00:00							5.813959	5.481633	7.990646	226.685207	5.310205	40.062252	66.403252	7.296334	8.092318	7.648370	83892.867188	21.240533	0.000852													35.316372	1.632607
2021-08-22 00:30:00	2021-08-21 16:30:00																																	
2021-08-22 01:00:00	2021-08-21 17:00:00							5.780403	3.839012	6.939097	236.410172	5.895380	40.062252	66.403252	7.696474	8.092709	7.652760	83896.906250	20.103815	0.000000													39.448352	1.424992
2021-08-22 01:30:00	2021-08-21 17:30:00																																	
2021-08-22 02:00:00	2021-08-21 18:00:00							5.010708	3.387157	6.048143	235.941948	6.783197	40.062252	66.403252	8.505985	8.203104	7.669042	83926.093750	18.508173	0.000000													46.321090	1.143827
2021-08-22 02:30:00	2021-08-21 18:30:00																																	
2021-08-22 03:00:00	2021-08-21 19:00:00							1.286633	1.691590	2.125300	217.256828	7.530939	40.062252	66.403252	9.487945	8.407752	7.696470	83954.562500	16.727594	0.000000													54.552850	0.865555
2021-08-22 03:30:00	2021-08-21 19:30:00																																	
2021-08-22 04:00:00	2021-08-21 20:00:00							0.656825	1.843530	1.957044	199.610313	8.177759	40.062252	66.403252	10.386697	8.667548	7.731616	83992.507812	15.716608	0.000000													60.809008	0.699807
2021-08-22 04:30:00	2021-08-21 20:30:00																																	
2021-08-22 05:00:00	2021-08-21 21:00:00							-0.347300	1.843445	1.875875	169.330711	8.395013	40.062252	66.403252	10.615134	8.863996	7.762089	84036.210938	14.575189	0.000000													66.413535	0.557287
2021-08-22 05:30:00	2021-08-21 21:30:00																																	
2021-08-22 06:00:00	2021-08-21 22:00:00							-0.500723	1.919836	1.984060	165.382019	8.436700	40.062252	66.403252	10.284032	8.962299	7.783543	84032.882812	13.515741	0.000000													71.340047	0.443958
2021-08-22 06:30:00	2021-08-21 22:30:00																																	
2021-08-22 07:00:00	2021-08-21 23:00:00							-0.653111	2.118541	2.216928	162.866348	8.046411	40.062252	66.403252	9.835174	9.000576	7.799237	84011.289062	12.930475	0.000000													72.178683	0.414808
2021-08-22 07:30:00	2021-08-21 23:30:00																																	
2021-08-22 08:00:00	2021-08-22 00:00:00							-1.983681	1.436789	2.449358	125.915985	7.926874	40.062252	66.403252	9.638877	9.040478	7.815330	83994.320312	12.285516	0.000000													74.688347	0.361751
2021-08-22 08:30:00	2021-08-22 00:30:00																																	
2021-08-22 09:00:00	2021-08-22 01:00:00							-2.088244	2.055822	2.930387	134.551758	7.710626	40.062252	66.403252	9.233472	9.021298	7.825246	84014.890625	11.699701	0.000000													76.493435	0.323223
2021-08-22 09:30:00	2021-08-22 01:30:00	20.430000	491.580000	50.760000	227.000000	5462.000000	564.000000																											
2021-08-22 10:00:00	2021-08-22 02:00:00							-2.478994	1.598614	2.949742	122.816528	7.382104	40.062252	66.403252	8.744211	8.952111	7.829454	83969.804688	11.153558	0.000000													77.550222	0.297723
2021-08-22 10:30:00	2021-08-22 02:30:00																																	
2021-08-22 11:00:00	2021-08-22 03:00:00							-2.696350	1.861224	3.276348	124.616379	7.056451	40.062252	66.403252	8.268589	8.847464	7.829096	83991.226562	10.695673	0.000000													78.183562	0.280645
2021-08-22 11:30:00	2021-08-22 03:30:00																																	
2021-08-22 12:00:00	2021-08-22 04:00:00							-2.144053	1.222354	2.468018	119.688065	6.780664	40.062252	66.403252	8.182940	8.779739	7.831722	83965.148438	10.257013	0.000000													78.995536	0.262403
2021-08-22 12:30:00	2021-08-22 04:30:00																																	
2021-08-22 13:00:00	2021-08-22 05:00:00							-3.236224	0.927844	3.366606	105.997910	6.591364	40.062252	66.403252	8.224992	8.733455	7.835985	83957.226562	9.907983	0.000000													79.816665	0.246320
2021-08-22 13:30:00	2021-08-22 05:30:00																																	
2021-08-22 14:00:00	2021-08-22 06:00:00							-2.419819	0.918064	2.588120	110.776428	6.607568	40.062252	66.403252	8.298818	8.700883	7.841240	83992.453125	10.013605	0.000000													79.342088	0.253903
2021-08-22 14:30:00	2021-08-22 06:30:00																																	
2021-08-22 15:00:00	2021-08-22 07:00:00							-2.320050	1.278546	2.649021	118.858521	7.062463	40.062252	66.403252	8.255980	8.656851	7.844882	84025.742188	14.211450	0.000000													62.083068	0.614510
2021-08-22 15:30:00	2021-08-22 07:30:00																																	
2021-08-22 16:00:00	2021-08-22 08:00:00							-0.658294	1.747494	1.867375	159.358246	3.638055	40.062252	66.403252	7.683847	8.517355	7.837702	84011.257812	18.476373	0.000000													37.278477	1.333853
2021-08-22 16:30:00	2021-08-22 08:30:00																																	
2021-08-22 17:00:00	2021-08-22 09:00:00							2.294312	3.317220	4.033338	214.669170	2.765527	40.062252	66.403252	6.901638	8.300871	7.820875	84012.929688	20.735895	0.000000													30.456294	1.701696
2021-08-22 17:30:00	2021-08-22 09:30:00																																	
2021-08-22 18:00:00	2021-08-22 10:00:00							3.904842	2.842634	4.829944	233.946259	2.666742	40.062252	66.403252	6.614262	8.122663	7.806245	84023.601562	22.305231	0.000000													27.474438	1.953491
2021-08-22 18:30:00	2021-08-22 10:30:00																																	
2021-08-22 19:00:00	2021-08-22 11:00:00							4.626739	3.523359	5.815563	232.709965	1.955377	40.062252	66.403252	6.461162	7.958845	7.791574	84055.945312	23.241815	0.000000													24.673538	2.147401
2021-08-22 19:30:00	2021-08-22 11:30:00																																	
2021-08-22 20:00:00	2021-08-22 12:00:00							4.921355	3.547816	6.066855	234.212082	2.737817	40.062252	66.403252	6.493508	7.829478	7.779180	84047.710938	23.999597	0.000000													24.926946	2.240064
2021-08-22 20:30:00	2021-08-22 12:30:00																																	
2021-08-22 21:00:00	2021-08-22 13:00:00							5.464598	3.917243	6.723587	234.365536	3.665308	40.062252	66.403252	6.658992	7.738751	7.769831	84044.617188	24.389398	0.000000													26.005358	2.260073
2021-08-22 21:30:00	2021-08-22 13:30:00	18.630000	506.790000	29.520000	207.000000	5631.000000	328.000000																											
2021-08-22 22:00:00	2021-08-22 14:00:00							5.737257	3.120709	6.531075	241.456575	4.590692	40.062252	66.403252	6.825284	7.671298	7.762209	84058.664062	24.354944	0.000000													27.810910	2.200383
2021-08-22 22:30:00	2021-08-22 14:30:00																																	
2021-08-22 23:00:00	2021-08-22 15:00:00							5.380415	2.566455	5.961171	244.498888	5.297479	40.062252	66.403252	6.948749	7.617215	7.755453	84025.953125	23.898248	0.000426													30.029298	2.075151
2021-08-22 23:30:00	2021-08-22 15:30:00																																	
2021-08-23 00:00:00	2021-08-22 16:00:00							5.018612	3.051309	5.873410	238.700462	5.893243	41.268421	67.170807	7.034421	7.572337	7.749232	84013.179688	23.080621	0.000426													32.878702	1.894946
2021-08-23 00:30:00	2021-08-22 16:30:00																																	
2021-08-23 01:00:00	2021-08-22 17:00:00							4.411779	1.868299	4.791068	247.048330	6.491602	41.268421	67.170807	7.177225	7.549560	7.745028	84006.289062	21.847650	0.000000													36.931647	1.652062
2021-08-23 01:30:00	2021-08-22 17:30:00																																	
2021-08-23 02:00:00	2021-08-22 18:00:00							2.349756	0.838778	2.494976	250.355268	7.132013	41.268421	67.170807	7.651965	7.601666	7.748766	84020.031250	20.201318	0.000000													42.700824	1.356604
2021-08-23 02:30:00	2021-08-22 18:30:00																																	
2021-08-23 03:00:00	2021-08-22 19:00:00							1.721417	0.887107	1.936552	242.736351	7.731012	41.268421	67.170807	8.394819	7.740338	7.762368	84052.570312	18.256647	0.000000													50.214885	1.044259
2021-08-23 03:30:00	2021-08-22 19:30:00																																	
2021-08-23 04:00:00	2021-08-22 20:00:00							0.821071	1.092021	1.366261	216.938858	8.337823	41.268421	67.170807	9.147043	7.935246	7.783294	84073.101562	17.047235	0.000000													56.479637	0.845834
2021-08-23 04:30:00	2021-08-22 20:30:00																																	
2021-08-23 05:00:00	2021-08-22 21:00:00							0.096428	1.312784	1.316321	184.200996	8.618036	41.268421	67.170807	9.253630	8.063889	7.798736	84106.031250	15.887384	0.000000													61.973196	0.686478
2021-08-23 05:30:00	2021-08-22 21:30:00																																	
2021-08-23 06:00:00	2021-08-22 22:00:00							0.309768	2.020123	2.043735	188.717903	8.825464	41.268421	67.170807	9.248611	8.170389	7.812883	84091.710938	14.725916	0.000000													67.717300	0.540892
2021-08-23 06:30:00	2021-08-22 22:30:00																																	
2021-08-23 07:00:00	2021-08-22 23:00:00							0.448983	1.731953	1.789203	194.533165	7.921930	41.268421	67.170807	9.473575	8.308348	7.831349	84083.140625	13.944025	0.000000													66.993548	0.525729
2021-08-23 07:30:00	2021-08-22 23:30:00																																	
2021-08-23 08:00:00	2021-08-23 00:00:00							-0.101606	1.977517	1.980125	177.058693	7.944360	41.268421	67.170807	9.895707	8.489762	7.855699	84070.898438	13.199854	0.000000													70.427386	0.448754
2021-08-23 08:30:00	2021-08-23 00:30:00																																	
2021-08-23 09:00:00	2021-08-23 01:00:00							-0.443586	1.390498	1.459539	162.306686	7.794855	41.268421	67.170807	10.011487	8.637592	7.877942	84077.070312	12.567651	0.000000													72.659348	0.398062
2021-08-23 09:30:00	2021-08-23 01:30:00	20.520000	524.070000	50.850000	228.000000	5823.000000	565.000000																											
2021-08-23 10:00:00	2021-08-23 02:00:00							0.005692	1.861418	1.861427	180.175217	7.569086	41.268421	67.170807	10.025197	8.764100	7.899103	84032.039062	12.066888	0.000000													73.943533	0.367074
2021-08-23 10:30:00	2021-08-23 02:30:00																																	
2021-08-23 11:00:00	2021-08-23 03:00:00							-0.154793	1.897596	1.903899	175.336533	7.292505	41.268421	67.170807	9.941279	8.862797	7.918280	84041.570312	11.666132	0.000000													74.502360	0.349823
2021-08-23 11:30:00	2021-08-23 03:30:00																																	
2021-08-23 12:00:00	2021-08-23 04:00:00							-0.123446	1.767590	1.771896	176.005035	6.970941	41.268421	67.170807	9.986147	8.968261	7.938968	84038.281250	11.296075	0.000000													74.684849	0.338913
2021-08-23 12:30:00	2021-08-23 04:30:00																																	
2021-08-23 13:00:00	2021-08-23 05:00:00							-0.325230	2.039119	2.064892	170.937912	6.620966	41.268421	67.170807	9.757230	9.018819	7.954531	84031.445312	10.996057	0.000000													74.375369	0.336290
2021-08-23 13:30:00	2021-08-23 05:30:00																																	
2021-08-23 14:00:00	2021-08-23 06:00:00							-0.422075	2.394902	2.431811	170.004906	6.391779	41.268421	67.170807	9.540457	9.046340	7.967938	84069.554688	11.113397	0.000000													72.640838	0.361864
2021-08-23 14:30:00	2021-08-23 06:30:00																																	
2021-08-23 15:00:00	2021-08-23 07:00:00							-0.149407	2.224128	2.229140	176.156914	6.583154	41.268421	67.170807	9.345493	9.055744	7.979518	84104.226562	15.049585	0.000000													56.905665	0.737257
2021-08-23 15:30:00	2021-08-23 07:30:00																																	
2021-08-23 16:00:00	2021-08-23 08:00:00							0.917276	4.679474	4.768529	191.090569	3.452692	41.268421	67.170807	8.591331	8.945730	7.978124	84111.625000	19.056207	0.000000													35.483934	1.422651
2021-08-23 16:30:00	2021-08-23 08:30:00																																	
2021-08-23 17:00:00	2021-08-23 09:00:00							1.902063	5.043539	5.390281	200.662903	1.900781	41.268421	67.170807	7.683969	8.749901	7.966357	84134.625000	21.187982	0.000000													27.849107	1.815221
2021-08-23 17:30:00	2021-08-23 09:30:00																																	
2021-08-23 18:00:00	2021-08-23 10:00:00							2.635020	5.853350	6.419115	204.235992	1.283136	41.268421	67.170807	6.880588	8.508612	7.947857	84146.398438	22.699365	0.000435													24.295362	2.088506
2021-08-23 18:30:00	2021-08-23 10:30:00																																	
2021-08-23 19:00:00	2021-08-23 11:00:00							3.433062	5.588425	6.558690	211.563099	2.288324	41.268421	67.170807	6.380827	8.271400	7.927619	84189.601562	23.668481	0.000435													24.626377	2.204720
2021-08-23 19:30:00	2021-08-23 11:30:00																																	
2021-08-23 20:00:00	2021-08-23 12:00:00							3.592172	4.658054	5.882275	217.638493	2.635370	41.268421	67.170807	6.192300	8.066684	7.908779	84177.312500	24.272852	0.000435													24.343754	2.294757
2021-08-23 20:30:00	2021-08-23 12:30:00																																	
2021-08-23 21:00:00	2021-08-23 13:00:00							4.510979	4.918089	6.673570	222.527729	3.059503	41.268421	67.170807	6.195697	7.898082	7.892037	84185.398438	24.509302	0.000435													24.736132	2.315387
2021-08-23 21:30:00	2021-08-23 13:30:00	18.270000	537.120000	31.410000	203.000000	5968.000000	349.000000																											
2021-08-23 22:00:00	2021-08-23 14:00:00							5.607568	4.526907	7.206782	231.086575	3.494989	41.268421	67.170807	6.288657	7.761180	7.877247	84193.304688	24.367426	0.000435													25.728210	2.265557
2021-08-23 22:30:00	2021-08-23 14:30:00																																	
2021-08-23 23:00:00	2021-08-23 15:00:00							5.325690	3.868694	6.582535	234.004559	3.857965	41.268421	67.170807	6.406798	7.649577	7.864004	84164.164062	23.833978	0.000435													27.253951	2.149145
2021-08-23 23:30:00	2021-08-23 15:30:00																																	
2021-08-24 00:00:00	2021-08-23 16:00:00							4.470911	2.673735	5.209405	239.119347	4.284509	43.332569	68.484360	6.474997	7.549696	7.851070	84152.335938	22.945825	0.000435													29.629236	1.970554
2021-08-24 00:30:00	2021-08-23 16:30:00																																	
2021-08-24 01:00:00	2021-08-23 17:00:00							3.221811	2.434333	4.038074	232.926075	4.820703	43.332569	68.484360	6.629869	7.480638	7.840628	84154.742188	21.679803	0.000000													33.225232	1.731315
2021-08-24 01:30:00	2021-08-23 17:30:00																																	
2021-08-24 02:00:00	2021-08-23 18:00:00							2.664953	1.668785	3.144331	237.945332	5.483453	43.332569	68.484360	6.948255	7.461322	7.835007	84172.828125	19.935175	0.000000													38.738681	1.426724
2021-08-24 02:30:00	2021-08-23 18:30:00																																	
2021-08-24 03:00:00	2021-08-23 19:00:00							1.492468	1.649044	2.224142	222.146702	6.152094	43.332569	68.484360	7.561982	7.525819	7.838344	84212.828125	17.967310	0.000000													45.879421	1.114749
2021-08-24 03:30:00	2021-08-23 19:30:00																																	
2021-08-24 04:00:00	2021-08-23 20:00:00							0.001443	1.906154	1.906154	180.043365	6.809473	43.332569	68.484360	8.224262	7.648665	7.848609	84219.976562	16.735376	0.000000													51.894056	0.916645
2021-08-24 04:30:00	2021-08-23 20:30:00																																	
2021-08-24 05:00:00	2021-08-23 21:00:00							0.664533	2.112037	2.214115	197.465714	7.155786	43.332569	68.484360	8.444391	7.740376	7.856599	84246.820312	15.569452	0.000000													57.246701	0.756255
2021-08-24 05:30:00	2021-08-23 21:30:00																																	
2021-08-24 06:00:00	2021-08-23 22:00:00							0.909562	2.212414	2.392086	202.348419	7.198999	43.332569	68.484360	8.640594	7.839359	7.866198	84244.156250	14.307123	0.000000													62.280157	0.615115
2021-08-24 06:30:00	2021-08-23 22:30:00																																	
2021-08-24 07:00:00	2021-08-23 23:00:00							0.458578	2.560433	2.601175	190.154121	7.529840	43.332569	68.484360	8.811845	7.942614	7.877135	84205.312500	13.651910	0.000000													66.474557	0.523952
2021-08-24 07:30:00	2021-08-23 23:30:00																																	
2021-08-24 08:00:00	2021-08-24 00:00:00							0.728741	2.963601	3.051884	193.814781	7.520380	43.332569	68.484360	8.950915	8.046197	7.889012	84226.101562	13.075372	0.000000													68.977241	0.466946
2021-08-24 08:30:00	2021-08-24 00:30:00																																	
2021-08-24 09:00:00	2021-08-24 01:00:00							1.017230	3.064171	3.228607	198.364922	7.417627	43.332569	68.484360	9.109453	8.156498	7.902515	84255.640625	12.652155	0.000426													70.418948	0.433075
2021-08-24 09:30:00	2021-08-24 01:30:00	23.400000	552.330000	52.470000	260.000000	6137.000000	583.000000																											
2021-08-24 10:00:00	2021-08-24 02:00:00							0.780951	2.953808	3.055302	194.809448	7.253564	43.332569	68.484360	9.123303	8.245028	7.914605	84232.632812	12.333398	0.000426													71.105415	0.414261
2021-08-24 10:30:00	2021-08-24 02:30:00																																	
2021-08-24 11:00:00	2021-08-24 03:00:00							0.296783	2.545436	2.562679	186.650330	7.101495	43.332569	68.484360	9.182899	8.335078	7.927608	84255.773438	12.112482	0.000426													71.398564	0.404138
2021-08-24 11:30:00	2021-08-24 03:30:00																																	
2021-08-24 12:00:00	2021-08-24 04:00:00							-0.058739	3.318725	3.319245	178.986023	6.985651	43.332569	68.484360	9.149364	8.405561	7.939243	84257.531250	11.927728	0.000426													71.701133	0.395022
2021-08-24 12:30:00	2021-08-24 04:30:00																																	
2021-08-24 13:00:00	2021-08-24 05:00:00							-0.575281	2.753504	2.812958	168.199120	6.924921	43.332569	68.484360	9.073570	8.459024	7.949609	84252.507812	11.738672	0.000426													72.299550	0.381872
2021-08-24 13:30:00	2021-08-24 05:30:00																																	
2021-08-24 14:00:00	2021-08-24 06:00:00							-0.643288	2.881445	2.952379	167.414993	7.080103	43.332569	68.484360	9.180266	8.533770	7.962706	84286.578125	11.854120	0.000861													72.518987	0.381747
2021-08-24 14:30:00	2021-08-24 06:30:00																																	
2021-08-24 15:00:00	2021-08-24 07:00:00							0.321457	2.740309	2.759099	186.690613	7.527948	43.332569	68.484360	8.916010	8.544420	7.969452	84311.929688	15.373315	0.001283													59.467738	0.708004
2021-08-24 15:30:00	2021-08-24 07:30:00																																	
2021-08-24 16:00:00	2021-08-24 08:00:00							0.253732	3.735937	3.744543	183.885368	6.672357	43.332569	68.484360	8.146084	8.438947	7.963643	84323.976562	18.631677	0.001285													45.615083	1.167865
2021-08-24 16:30:00	2021-08-24 08:30:00																																	
2021-08-24 17:00:00	2021-08-24 09:00:00							3.209135	6.713151	7.440763	205.549530	5.651971	43.332569	68.484360	7.224624	8.246127	7.947381	84345.500000	20.548730	0.001279													37.736863	1.506081
2021-08-24 17:30:00	2021-08-24 09:30:00																																	
2021-08-24 18:00:00	2021-08-24 10:00:00							3.752604	7.145764	8.071182	207.706253	4.828760	43.332569	68.484360	6.523528	8.027318	7.926572	84383.710938	21.992303	0.001717													32.615946	1.780752
2021-08-24 18:30:00	2021-08-24 10:30:00																																	
2021-08-24 19:00:00	2021-08-24 11:00:00							4.250227	6.923802	8.124251	211.543995	2.856165	43.332569	68.484360	6.037578	7.803815	7.903315	84404.539062	23.143854	0.001726													26.466910	2.083910
2021-08-24 19:30:00	2021-08-24 11:30:00																																	
2021-08-24 20:00:00	2021-08-24 12:00:00							4.703963	4.471804	6.490324	226.449348	2.920923	43.332569	68.484360	5.888566	7.617459	7.882127	84388.062500	23.863275	0.001720													25.461047	2.205993
2021-08-24 20:30:00	2021-08-24 12:30:00																																	
2021-08-24 21:00:00	2021-08-24 13:00:00							5.712791	4.838759	7.486626	229.735256	3.076288	43.332569	68.484360	5.953386	7.473083	7.863874	84378.664062	24.333551	0.001712													25.027383	2.282302
2021-08-24 21:30:00	2021-08-24 13:30:00	16.380000	565.920000	32.940000	182.000000	6288.000000	366.000000																											
2021-08-24 22:00:00	2021-08-24 14:00:00							5.212114	4.092374	6.626738	231.862209	3.331171	43.332569	68.484360	6.083624	7.359405	7.847717	84371.632812	24.430688	0.001704													25.335736	2.286167
2021-08-24 22:30:00	2021-08-24 14:30:00																																	
2021-08-24 23:00:00	2021-08-24 15:00:00							4.417326	4.742653	6.481168	222.965935	3.734277	43.332569	68.484360	6.266461	7.277243	7.834023	84360.187500	24.087946	0.001709													26.608478	2.201529
2021-08-24 23:30:00	2021-08-24 15:30:00																																	
2021-08-25 00:00:00	2021-08-24 16:00:00							5.101235	3.811140	6.367682	233.236542	4.252466	45.323380	69.751236	6.421997	7.214077	7.821720	84337.976562	23.278497	0.001711													28.974240	2.029285
2021-08-25 00:30:00	2021-08-24 16:30:00																																	
2021-08-25 01:00:00	2021-08-24 17:00:00							4.697032	3.176615	5.670361	235.929409	4.886255	45.323380	69.751236	6.663678	7.186207	7.812746	84338.718750	22.021021	0.000000													32.689999	1.781912
2021-08-25 01:30:00	2021-08-24 17:30:00																																	
2021-08-25 02:00:00	2021-08-24 18:00:00							3.951600	1.976745	4.418446	243.423985	5.689142	45.323380	69.751236	7.297687	7.253513	7.813910	84354.382812	20.275903	0.000000													38.476688	1.463342
2021-08-25 02:30:00	2021-08-24 18:30:00																																	
2021-08-25 03:00:00	2021-08-24 19:00:00							2.636175	0.795213	2.753504	253.213840	6.328790	45.323380	69.751236	8.199241	7.420287	7.826513	84391.906250	18.197260	0.000000													45.776756	1.133118
2021-08-25 03:30:00	2021-08-24 19:30:00																																	
2021-08-25 04:00:00	2021-08-24 20:00:00							0.479748	1.775187	1.838871	195.123039	6.933282	45.323380	69.751236	9.035360	7.641579	7.846539	84409.851562	16.853082	0.000000													51.948009	0.922484
2021-08-25 04:30:00	2021-08-24 20:30:00																																	
2021-08-25 05:00:00	2021-08-24 21:00:00							0.586256	4.051674	4.093868	188.233261	7.482080	45.323380	69.751236	9.390368	7.831508	7.865133	84457.023438	15.748102	0.000000													57.874405	0.753727
2021-08-25 05:30:00	2021-08-24 21:30:00																																	
2021-08-25 06:00:00	2021-08-24 22:00:00							0.967492	3.736996	3.860205	194.514938	7.625604	45.323380	69.751236	9.565835	8.003920	7.883505	84463.343750	14.619073	0.000000													62.844805	0.618252
2021-08-25 06:30:00	2021-08-24 22:30:00																																	
2021-08-25 07:00:00	2021-08-24 23:00:00							1.633950	3.022198	3.435618	208.397850	7.648126	45.323380	69.751236	9.539171	8.140111	7.899457	84453.992188	13.755792	0.000860													66.562761	0.526117
2021-08-25 07:30:00	2021-08-24 23:30:00																																	
2021-08-25 08:00:00	2021-08-25 00:00:00							1.917313	3.964987	4.404227	205.806610	7.433496	45.323380	69.751236	9.481897	8.256072	7.914392	84465.492188	13.210748	0.000860													67.964706	0.486470
2021-08-25 08:30:00	2021-08-25 00:30:00																																	
2021-08-25 09:00:00	2021-08-25 01:00:00							0.721345	4.496178	4.553675	189.114578	7.083307	45.323380	69.751236	9.260094	8.326688	7.925398	84478.289062	12.889520	0.000860													67.761721	0.479377
2021-08-25 09:30:00	2021-08-25 01:30:00	23.670000	594.720000	52.380000	263.000000	6608.000000	582.000000																											
2021-08-25 10:00:00	2021-08-25 02:00:00							0.395909	3.908525	3.928525	185.783974	6.679254	45.323380	69.751236	8.998833	8.363779	7.933351	84465.742188	12.605615	0.000852													67.143656	0.479560
2021-08-25 10:30:00	2021-08-25 02:30:00																																	
2021-08-25 11:00:00	2021-08-25 03:00:00							0.621341	3.404908	3.461136	190.341774	6.280511	45.323380	69.751236	8.521300	8.334888	7.934432	84477.796875	12.378107	0.000852													66.305981	0.484492
2021-08-25 11:30:00	2021-08-25 03:30:00																																	
2021-08-25 12:00:00	2021-08-25 04:00:00							0.521614	3.995256	4.029163	187.438377	5.906793	45.323380	69.751236	7.918588	8.242888	7.928374	84473.945312	12.295496	0.001715													64.965699	0.501035
2021-08-25 12:30:00	2021-08-25 04:30:00																																	
2021-08-25 13:00:00	2021-08-25 05:00:00							0.276630	4.441005	4.449612	183.564354	5.632959	45.323380	69.751236	7.692723	8.172829	7.923854	84482.976562	12.003809	0.001714													64.979776	0.491304
2021-08-25 13:30:00	2021-08-25 05:30:00																																	
2021-08-25 14:00:00	2021-08-25 06:00:00							0.665446	4.394797	4.444891	188.610146	5.541498	45.323380	69.751236	7.366387	8.070562	7.915200	84506.164062	11.878290	0.001714													65.105113	0.485509
2021-08-25 14:30:00	2021-08-25 06:30:00																																	
2021-08-25 15:00:00	2021-08-25 07:00:00							1.094835	4.703279	4.829026	193.104027	5.961786	45.323380	69.751236	7.093565	7.957731	7.904482	84551.351562	15.322931	0.001729													53.565237	0.808488
2021-08-25 15:30:00	2021-08-25 07:30:00																																	
2021-08-25 16:00:00	2021-08-25 08:00:00							1.408847	6.793242	6.937794	191.716454	3.890161	45.323380	69.751236	6.534519	7.778774	7.885592	84558.039062	19.102960	0.001729													36.490067	1.404552
2021-08-25 16:30:00	2021-08-25 08:30:00																																	
2021-08-25 17:00:00	2021-08-25 09:00:00							2.853081	7.455110	7.982402	200.941925	2.349725	45.323380	69.751236	5.794783	7.532877	7.857873	84578.039062	21.185419	0.001729													28.761956	1.791973
2021-08-25 17:30:00	2021-08-25 09:30:00																																	
2021-08-25 18:00:00	2021-08-25 10:00:00							2.977052	6.871887	7.489037	203.423325	1.302789	45.323380	69.751236	5.210387	7.270448	7.826225	84596.398438	22.713007	0.001729													24.309650	2.089839
2021-08-25 18:30:00	2021-08-25 10:30:00																																	
2021-08-25 19:00:00	2021-08-25 11:00:00							4.407984	6.832705	8.131186	212.827278	-1.449469	45.323380	69.751236	4.865499	7.022198	7.793855	84611.468750	23.782831	0.001729													18.650199	2.395949
2021-08-25 19:30:00	2021-08-25 11:30:00																																	
2021-08-25 20:00:00	2021-08-25 12:00:00							4.696134	4.484122	6.493153	226.322975	-1.034125	45.323380	69.751236	4.752505	6.807094	7.762966	84591.320312	24.503198	0.002575													18.415865	2.508906
2021-08-25 20:30:00	2021-08-25 12:30:00																																	
2021-08-25 21:00:00	2021-08-25 13:00:00							5.453514	5.010305	7.405672	227.425388	-0.490851	45.323380	69.751236	4.711434	6.614195	7.732682	84584.976562	24.859766	0.002574													18.759776	2.552091
2021-08-25 21:30:00	2021-08-25 13:30:00	11.610000	600.660000	21.060000	129.000000	6674.000000	234.000000																											
2021-08-25 22:00:00	2021-08-25 14:00:00							5.742501	4.042620	7.022755	234.855129	0.038507	45.323380	69.751236	4.745790	6.448622	7.703770	84583.710938	24.874567	0.002596													19.480836	2.531673
2021-08-25 22:30:00	2021-08-25 14:30:00																																	
2021-08-25 23:00:00	2021-08-25 15:00:00							4.115364	3.674805	5.517283	228.236816	0.477289	45.323380	69.751236	4.918238	6.326032	7.678182	84545.523438	24.493280	0.002596													20.574686	2.441069
2021-08-25 23:30:00	2021-08-25 15:30:00																																	
2021-08-26 00:00:00	2021-08-25 16:00:00							5.626638	2.233606	6.053764	248.348412	1.146051	46.092556	70.240715	5.240116	6.257059	7.657458	84540.960938	23.716547	0.002596													22.623400	2.269863
2021-08-26 00:30:00	2021-08-25 16:30:00																																	
2021-08-26 01:00:00	2021-08-25 17:00:00							5.053257	1.810422	5.367777	250.289005	2.173273	46.092556	70.240715	5.549319	6.221082	7.639843	84526.757812	22.419000	0.000000													26.341591	1.997772
2021-08-26 01:30:00	2021-08-25 17:30:00																																	
2021-08-26 02:00:00	2021-08-25 18:00:00							3.495481	0.615031	3.549177	260.020929	3.556757	46.092556	70.240715	6.087191	6.257556	7.629906	84546.664062	20.656549	0.000000													32.370820	1.646784
2021-08-26 02:30:00	2021-08-25 18:30:00																																	
2021-08-26 03:00:00	2021-08-25 19:00:00							2.265692	0.445952	2.309163	258.864907	4.573755	46.092556	70.240715	6.765779	6.364703	7.628089	84579.757812	18.666071	0.000000													39.343973	1.305336
2021-08-26 03:30:00	2021-08-25 19:30:00																																	
2021-08-26 04:00:00	2021-08-25 20:00:00							1.933909	0.347722	1.964921	259.806986	5.431451	46.092556	70.240715	7.353528	6.507036	7.631157	84609.992188	17.439996	0.000000													45.117601	1.093490
2021-08-26 04:30:00	2021-08-25 20:30:00																																	
2021-08-26 05:00:00	2021-08-25 21:00:00							0.412544	0.170835	0.446517	247.505520	5.665826	46.092556	70.240715	7.421069	6.595650	7.629761	84638.429688	15.838007	0.000000													50.773277	0.885863
2021-08-26 05:30:00	2021-08-25 21:30:00																																	
2021-08-26 06:00:00	2021-08-25 22:00:00							-0.369686	1.031847	1.096073	160.288643	5.911523	46.092556	70.240715	7.241820	6.637801	7.624206	84627.351562	14.404596	0.000000													56.633793	0.711667
2021-08-26 06:30:00	2021-08-25 22:30:00																																	
2021-08-26 07:00:00	2021-08-25 23:00:00							0.646866	1.259504	1.415905	207.184490	4.844751	46.092556	70.240715	6.932065	6.636401	7.614395	84624.960938	13.962549	0.000428													54.109852	0.731821
2021-08-26 07:30:00	2021-08-25 23:30:00																																	
2021-08-26 08:00:00	2021-08-26 00:00:00							-0.016094	1.675697	1.675774	179.449730	4.831750	46.092556	70.240715	6.669196	6.615629	7.602565	84606.945312	13.265558	0.000855													56.569926	0.661869
2021-08-26 08:30:00	2021-08-26 00:30:00																																	
2021-08-26 09:00:00	2021-08-26 01:00:00							0.214790	2.381578	2.391245	185.153450	4.527948	46.092556	70.240715	6.408867	6.573460	7.588326	84611.914062	12.698785	0.000855													57.471810	0.624532
2021-08-26 09:30:00	2021-08-26 01:30:00	19.710000	630.540000	56.790000	219.000000	7006.000000	631.000000																											
2021-08-26 10:00:00	2021-08-26 02:00:00							-0.157268	2.304215	2.309576	176.095490	4.197809	46.092556	70.240715	6.276514	6.534703	7.574184	84572.835938	12.122003	0.000855													58.325276	0.589234
2021-08-26 10:30:00	2021-08-26 02:30:00																																	
2021-08-26 11:00:00	2021-08-26 03:00:00							-0.806249	1.913566	2.076481	157.152687	3.979791	46.092556	70.240715	6.341781	6.523179	7.562755	84593.429688	11.546442	0.000855													59.662557	0.549059
2021-08-26 11:30:00	2021-08-26 03:30:00																																	
2021-08-26 12:00:00	2021-08-26 04:00:00							-0.953548	1.889356	2.116345	153.220177	3.917688	46.092556	70.240715	6.153922	6.472883	7.547120	84555.843750	11.017023	0.000855													61.524986	0.505639
2021-08-26 12:30:00	2021-08-26 04:30:00																																	
2021-08-26 13:00:00	2021-08-26 05:00:00							-0.428916	1.746749	1.798639	166.203918	4.028192	46.092556	70.240715	5.974277	6.411651	7.529958	84561.648438	10.553644	0.000855													63.948482	0.459394
2021-08-26 13:30:00	2021-08-26 05:30:00																																	
2021-08-26 14:00:00	2021-08-26 06:00:00							-0.689144	1.412632	1.571766	153.994873	4.275690	46.092556	70.240715	5.895100	6.357869	7.513173	84583.906250	10.493433	0.000855													65.332757	0.439983
2021-08-26 14:30:00	2021-08-26 06:30:00																																	
2021-08-26 15:00:00	2021-08-26 07:00:00							-0.548778	0.914281	1.066333	149.026588	5.212518	46.092556	70.240715	5.827286	6.303847	7.496000	84601.031250	14.483820	0.000855													53.673244	0.764157
2021-08-26 15:30:00	2021-08-26 07:30:00																																	
2021-08-26 16:00:00	2021-08-26 08:00:00							0.143264	1.291145	1.299069	186.331558	-2.120398	46.092556	70.240715	5.366305	6.177589	7.470631	84580.164062	20.114282	0.000855													22.197715	1.832146
2021-08-26 16:30:00	2021-08-26 08:30:00																																	
2021-08-26 17:00:00	2021-08-26 09:00:00							1.259512	1.811727	2.206518	214.807022	-5.170508	46.092556	70.240715	4.749636	5.993002	7.437947	84588.507812	22.709528	0.000855													15.061061	2.344702
2021-08-26 17:30:00	2021-08-26 09:30:00																																	
2021-08-26 18:00:00	2021-08-26 10:00:00							1.905141	1.251102	2.279214	236.707169	-5.730292	46.092556	70.240715	4.278989	5.795774	7.402404	84593.726562	24.538690	0.001284													12.927116	2.683385
2021-08-26 18:30:00	2021-08-26 10:30:00																																	
2021-08-26 19:00:00	2021-08-26 11:00:00							3.479207	0.532638	3.519742	261.296070	-6.165686	46.092556	70.240715	3.870232	5.585036	7.363812	84582.281250	25.732416	0.001284													11.645950	2.923312
2021-08-26 19:30:00	2021-08-26 11:30:00																																	
2021-08-26 20:00:00	2021-08-26 12:00:00							3.880577	0.087056	3.881553	268.714859	-5.307990	46.092556	70.240715	3.758662	5.410083	7.327416	84570.398438	26.592279	0.001284													11.819413	3.069514
2021-08-26 20:30:00	2021-08-26 12:30:00																																	
2021-08-26 21:00:00	2021-08-26 13:00:00							3.697747	0.295952	3.709571	265.424039	-4.562384	46.092556	70.240715	3.795861	5.267714	7.293199	84546.523438	27.141077	0.001284													12.110913	3.159574
2021-08-26 21:30:00	2021-08-26 13:30:00	16.200000	656.730000	32.760000	180.000000	7297.000000	364.000000																											
2021-08-26 22:00:00	2021-08-26 14:00:00							2.946807	-0.103150	2.948612	272.004761	-4.040350	46.092556	70.240715	3.934404	5.159854	7.261664	84532.710938	27.390680	0.001284													12.414940	3.194997
2021-08-26 22:30:00	2021-08-26 14:30:00																																	
2021-08-26 23:00:00	2021-08-26 15:00:00							3.605490	0.750826	3.682839	258.236556	-3.621741	46.092556	70.240715	4.081653	5.075811	7.231966	84480.179688	27.222925	0.001293													12.938311	3.144873
2021-08-26 23:30:00	2021-08-26 15:30:00																																	
2021-08-27 00:00:00	2021-08-26 16:00:00							1.924053	0.724375	2.055894	249.369465	-3.210181	46.343143	70.400185	4.248464	5.016181	7.204384	84457.601562	26.617761	0.001298													13.826001	3.004167
2021-08-27 00:30:00	2021-08-26 16:30:00																																	
2021-08-27 01:00:00	2021-08-26 17:00:00							0.940067	0.421142	1.030091	245.868038	-2.734869	46.343143	70.400185	4.524866	4.996780	7.180852	84435.476562	25.378717	0.000000													15.413934	2.740542
2021-08-27 01:30:00	2021-08-26 17:30:00																																	
2021-08-27 02:00:00	2021-08-26 18:00:00							0.594413	-0.031640	0.595255	273.046896	-1.317084	46.343143	70.400185	4.812151	5.006050	7.160470	84439.445312	23.394678	0.000000													19.278222	2.322532
2021-08-27 02:30:00	2021-08-26 18:30:00																																	
2021-08-27 03:00:00	2021-08-26 19:00:00							0.624873	-0.269105	0.680356	293.299410	-0.411108	46.343143	70.400185	5.121583	5.044417	7.143535	84441.179688	21.433221	0.000000													23.209650	1.961195
2021-08-27 03:30:00	2021-08-26 19:30:00																																	
2021-08-27 04:00:00	2021-08-26 20:00:00							-0.738349	-0.443839	0.861483	58.988937	0.988031	46.343143	70.400185	5.527285	5.124637	7.131681	84449.460938	20.022760	0.000000													28.021369	1.685436
2021-08-27 04:30:00	2021-08-26 20:30:00																																	
2021-08-27 05:00:00	2021-08-26 21:00:00							-1.031658	-0.369475	1.095824	70.295654	1.482172	46.343143	70.400185	5.766230	5.204131	7.120650	84453.585938	17.893671	0.000000													33.162868	1.370315
2021-08-27 05:30:00	2021-08-26 21:30:00																																	
2021-08-27 06:00:00	2021-08-26 22:00:00							-1.537524	-0.223117	1.553629	81.743179	2.608301	46.343143	70.400185	5.979032	5.293300	7.111555	84414.359375	16.516229	0.000000													39.218332	1.142157
2021-08-27 06:30:00	2021-08-26 22:30:00																																	
2021-08-27 07:00:00	2021-08-26 23:00:00							-1.445864	-0.404319	1.501332	74.376984	3.331445	46.343143	70.400185	6.122378	5.381089	7.103272	84377.359375	16.035059	0.000000													42.569881	1.046585
2021-08-27 07:30:00	2021-08-26 23:30:00																																	
2021-08-27 08:00:00	2021-08-27 00:00:00							-1.369465	-0.091464	1.372516	86.178986	4.241541	46.343143	70.400185	6.172139	5.456996	7.094641	84323.867188	15.116205	0.000000													48.144394	0.890955
2021-08-27 08:30:00	2021-08-27 00:30:00																																	
2021-08-27 09:00:00	2021-08-27 01:00:00							-1.215050	0.306483	1.253108	104.156906	5.178430	46.343143	70.400185	6.207311	5.527908	7.086296	84334.625000	14.245172	0.000858													54.379157	0.740982
2021-08-27 09:30:00	2021-08-27 01:30:00	18.540000	673.650000	43.920000	206.000000	7485.000000	488.000000																											
2021-08-27 10:00:00	2021-08-27 02:00:00							-0.981005	1.099253	1.473339	138.253357	5.888330	46.343143	70.400185	6.087665	5.567639	7.075346	84284.703125	13.500909	0.001717													59.959238	0.619654
2021-08-27 10:30:00	2021-08-27 02:30:00																																	
2021-08-27 11:00:00	2021-08-27 03:00:00							-0.681116	1.425029	1.579438	154.453751	6.322473	46.343143	70.400185	5.984154	5.595895	7.063647	84282.937500	12.874048	0.001717													64.369473	0.529283
2021-08-27 11:30:00	2021-08-27 03:30:00																																	
2021-08-27 12:00:00	2021-08-27 04:00:00							-1.382700	1.047984	1.734973	127.159439	6.559930	46.343143	70.400185	6.070022	5.646451	7.054758	84230.257812	12.344598	0.001717													67.745719	0.462769
2021-08-27 12:30:00	2021-08-27 04:30:00																																	
2021-08-27 13:00:00	2021-08-27 05:00:00							-1.187770	1.011787	1.560292	130.425613	6.693231	46.343143	70.400185	6.146888	5.698568	7.046620	84215.000000	11.893701	0.001717													70.431889	0.411814
2021-08-27 13:30:00	2021-08-27 05:30:00																																	
2021-08-27 14:00:00	2021-08-27 06:00:00							-1.473657	0.822363	1.687586	119.163361	6.877283	46.343143	70.400185	6.174731	5.744069	7.038355	84229.617188	11.872552	0.001717													71.428885	0.397373
2021-08-27 14:30:00	2021-08-27 06:30:00																																	
2021-08-27 15:00:00	2021-08-27 07:00:00							-1.660581	0.631719	1.776681	110.827866	7.677026	46.343143	70.400185	6.062449	5.762674	7.027699	84227.781250	15.720575	0.001717													58.754051	0.736689
2021-08-27 15:30:00	2021-08-27 07:30:00																																	
2021-08-27 16:00:00	2021-08-27 08:00:00							-1.230872	0.225632	1.251382	100.387634	2.073846	46.343143	70.400185	5.805964	5.743426	7.013223	84228.031250	22.358636	0.001717													26.251134	1.992901
2021-08-27 16:30:00	2021-08-27 08:30:00																																	
2021-08-27 17:00:00	2021-08-27 09:00:00							-0.062815	0.011640	0.063884	100.498154	-2.225775	46.343143	70.400185	5.190940	5.638022	6.989356	84221.523438	25.490350	0.001717													15.902585	2.742828
2021-08-27 17:30:00	2021-08-27 09:30:00																																	
2021-08-27 18:00:00	2021-08-27 10:00:00							1.119251	0.182418	1.134019	260.743193	-3.180975	46.343143	70.400185	4.800261	5.527119	6.964094	84230.257812	27.427576	0.001717													13.213425	3.172708
2021-08-27 18:30:00	2021-08-27 10:30:00																																	
2021-08-27 19:00:00	2021-08-27 11:00:00							2.231666	0.427686	2.272278	259.151125	-3.178717	46.343143	70.400185	4.507783	5.408690	6.937176	84209.039062	28.171198	0.001717													12.654825	3.334641
2021-08-27 19:30:00	2021-08-27 11:30:00																																	
2021-08-27 20:00:00	2021-08-27 12:00:00							3.054716	0.313770	3.070788	264.135335	-2.812750	46.343143	70.400185	4.354769	5.299730	6.910390	84192.398438	29.020380	0.001717													12.380651	3.513884
2021-08-27 20:30:00	2021-08-27 12:30:00																																	
2021-08-27 21:00:00	2021-08-27 13:00:00							4.083231	0.448218	4.107758	263.735705	-2.360571	46.343143	70.400185	4.298207	5.204209	6.884255	84173.601562	29.467950	0.001717													12.477849	3.601785
2021-08-27 21:30:00	2021-08-27 13:30:00	12.150000	682.560000	16.740000	135.000000	7584.000000	186.000000																											
2021-08-27 22:00:00	2021-08-27 14:00:00							3.950228	0.193486	3.954964	267.195835	-1.864874	46.343143	70.400185	4.292295	5.121349	6.858817	84194.851562	29.553583	0.001717													12.880980	3.602913
2021-08-27 22:30:00	2021-08-27 14:30:00																																	
2021-08-27 23:00:00	2021-08-27 15:00:00							3.153491	-0.085530	3.154651	271.553611	-1.408392	46.343143	70.400185	4.342307	5.055534	6.834663	84136.390625	29.216180	0.001717													13.583805	3.505035
2021-08-27 23:30:00	2021-08-27 15:30:00																																	
2021-08-28 00:00:00	2021-08-27 16:00:00							2.653071	0.088251	2.654539	268.094822	-0.864264	46.138882	70.270195	4.500536	5.019716	6.813356	84129.023438	28.488214	0.001717													14.746060	3.315287
2021-08-28 00:30:00	2021-08-27 16:30:00																																	
2021-08-28 01:00:00	2021-08-27 17:00:00							1.780862	-0.300240	1.805993	279.569635	-0.178442	46.138882	70.270195	4.811300	5.028958	6.796795	84097.804688	27.275385	0.000000													16.639668	3.020436
2021-08-28 01:30:00	2021-08-27 17:30:00																																	
2021-08-28 02:00:00	2021-08-27 18:00:00							1.073249	-0.309070	1.116865	286.065113	1.270746	46.138882	70.270195	5.276614	5.093326	6.786466	84130.492188	25.305780	0.000000													20.758381	2.556284
2021-08-28 02:30:00	2021-08-27 18:30:00																																	
2021-08-28 03:00:00	2021-08-27 19:00:00							-0.097790	-0.392190	0.404198	14.000885	2.233820	46.138882	70.270195	5.719797	5.189894	6.780360	84120.257812	23.504846	0.000000													24.773606	2.178839
2021-08-28 03:30:00	2021-08-27 19:30:00																																	
2021-08-28 04:00:00	2021-08-27 20:00:00							-1.469707	-0.450097	1.537083	72.972794	2.849847	46.138882	70.270195	6.206690	5.325647	6.779511	84154.382812	21.961084	0.000000													28.423954	1.887937
2021-08-28 04:30:00	2021-08-27 20:30:00																																	
2021-08-28 05:00:00	2021-08-27 21:00:00							-2.793905	0.285262	2.808430	95.829788	3.576746	46.138882	70.270195	6.419543	5.443618	6.778071	84181.445312	19.536951	0.000000													34.741117	1.482741
2021-08-28 05:30:00	2021-08-27 21:30:00																																	
2021-08-28 06:00:00	2021-08-27 22:00:00							-2.842314	0.342574	2.862884	96.872513	4.408380	46.138882	70.270195	6.484184	5.543394	6.775826	84166.953125	17.937982	0.000000													40.707888	1.219019
2021-08-28 06:30:00	2021-08-27 22:30:00																																	
2021-08-28 07:00:00	2021-08-27 23:00:00							-2.390257	0.169371	2.396250	94.053146	5.267694	46.138882	70.270195	6.430001	5.618543	6.771909	84153.257812	17.367883	0.000426													44.809933	1.094622
2021-08-28 07:30:00	2021-08-27 23:30:00																																	
2021-08-28 08:00:00	2021-08-28 00:00:00							-2.282960	0.144311	2.287517	93.617004	5.809961	46.138882	70.270195	6.421346	5.690236	6.768391	84133.039062	16.378778	0.000426													49.543894	0.939870
2021-08-28 08:30:00	2021-08-28 00:30:00																																	
2021-08-28 09:00:00	2021-08-28 01:00:00							-2.688329	0.218291	2.697176	94.642227	5.758661	46.138882	70.270195	6.270383	5.728981	6.762037	84138.054688	15.996698	0.000426													50.585741	0.898303
2021-08-28 09:30:00	2021-08-28 01:30:00	12.420000	694.170000	34.560000	138.000000	7713.000000	384.000000																											
2021-08-28 10:00:00	2021-08-28 02:00:00							-3.107266	0.248847	3.117214	94.578796	5.467554	46.138882	70.270195	6.150182	5.756154	6.754868	84107.992188	15.857446	0.000426													50.016412	0.900602
2021-08-28 10:30:00	2021-08-28 02:30:00																																	
2021-08-28 11:00:00	2021-08-28 03:00:00							-2.921180	0.379263	2.945697	97.397461	5.518243	46.138882	70.270195	5.929821	5.751936	6.744630	84112.132812	15.399622	0.000426													51.686881	0.845344
2021-08-28 11:30:00	2021-08-28 03:30:00																																	
2021-08-28 12:00:00	2021-08-28 04:00:00							-3.157376	0.385693	3.180846	96.964539	5.438867	46.138882	70.270195	5.942518	5.770288	6.736900	84113.882812	15.049799	0.000426													52.571113	0.811424
2021-08-28 12:30:00	2021-08-28 04:30:00																																	
2021-08-28 13:00:00	2021-08-28 05:00:00							-2.816176	0.588539	2.877017	101.804092	5.299188	46.138882	70.270195	6.044135	5.804185	6.731112	84131.851562	14.747614	0.000426													53.086185	0.787135
2021-08-28 13:30:00	2021-08-28 05:30:00																																	
2021-08-28 14:00:00	2021-08-28 06:00:00							-3.107558	0.260723	3.118476	94.795883	5.207941	46.138882	70.270195	6.109497	5.837648	6.725666	84178.304688	14.739160	0.000426													52.778604	0.791864
2021-08-28 14:30:00	2021-08-28 06:30:00																																	
2021-08-28 15:00:00	2021-08-28 07:00:00							-2.831242	0.235097	2.840986	94.746780	5.674097	46.138882	70.270195	6.190427	5.876803	6.721216	84213.085938	17.789941	0.000426													44.883188	1.122666
2021-08-28 15:30:00	2021-08-28 07:30:00																																	
2021-08-28 16:00:00	2021-08-28 08:00:00							-2.829956	0.332586	2.849432	96.702850	1.257227	46.138882	70.270195	5.789587	5.832740	6.708168	84229.742188	23.638727	0.000426													22.912370	2.250822
2021-08-28 16:30:00	2021-08-28 08:30:00																																	
2021-08-28 17:00:00	2021-08-28 09:00:00							-2.612232	0.802324	2.732670	107.073898	-1.060004	46.138882	70.270195	5.153136	5.713926	6.686707	84246.664062	26.491479	0.000426													16.335259	2.895089
2021-08-28 17:30:00	2021-08-28 09:30:00																																	
2021-08-28 18:00:00	2021-08-28 10:00:00							-0.213521	0.672432	0.705518	162.383484	-1.266974	46.138882	70.270195	4.601647	5.563722	6.660889	84256.132812	28.408350	0.000426													14.382862	3.314016
2021-08-28 18:30:00	2021-08-28 10:30:00																																	
2021-08-28 19:00:00	2021-08-28 11:00:00							1.825847	0.883212	2.028245	244.185688	-2.460455	46.138882	70.270195	4.185305	5.401692	6.632569	84265.250000	29.275629	0.000426													12.523651	3.560222
2021-08-28 19:30:00	2021-08-28 11:30:00																																	
2021-08-28 20:00:00	2021-08-28 12:00:00							2.264831	1.946169	2.986140	229.327530	-2.171362	46.138882	70.270195	3.901322	5.240603	6.603043	84250.156250	30.191095	0.000426													12.139455	3.769037
2021-08-28 20:30:00	2021-08-28 12:30:00																																	
2021-08-28 21:00:00	2021-08-28 13:00:00							2.528447	1.580556	2.981812	237.990116	-1.784552	46.138882	70.270195	3.745785	5.091613	6.573540	84263.070312	30.707391	0.000426													12.128678	3.882412
2021-08-28 21:30:00	2021-08-28 13:30:00	13.050000	707.220000	22.860000	145.000000	7858.000000	254.000000																											
2021-08-28 22:00:00	2021-08-28 14:00:00							2.922919	1.216026	3.165782	247.411167	-1.358405	46.138882	70.270195	3.722060	4.965831	6.545385	84254.085938	30.821313	0.000426													12.434866	3.894102
2021-08-28 22:30:00	2021-08-28 14:30:00																																	
2021-08-28 23:00:00	2021-08-28 15:00:00							3.937168	0.476881	3.965943	263.093811	-0.905737	46.138882	70.270195	3.771142	4.862409	6.518699	84236.867188	30.510980	0.000426													13.085128	3.797328
2021-08-28 23:30:00	2021-08-28 15:30:00																																	
2021-08-29 00:00:00	2021-08-28 16:00:00							3.421613	0.378459	3.442480	263.688267	-0.352057	45.482765	69.852676	3.905585	4.788167	6.494427	84228.437500	29.735864	0.000426													14.244973	3.583877
2021-08-29 00:30:00	2021-08-28 16:30:00																																	
2021-08-29 01:00:00	2021-08-28 17:00:00							2.359597	0.249600	2.372762	263.961675	0.276147	45.482765	69.852676	4.193235	4.760429	6.474710	84246.304688	28.408563	0.000000													16.099696	3.247602
2021-08-29 01:30:00	2021-08-28 17:30:00																																	
2021-08-29 02:00:00	2021-08-28 18:00:00							1.072368	-0.408497	1.147538	290.853313	1.542169	45.482765	69.852676	4.660031	4.793509	6.461511	84273.390625	26.434839	0.000000													19.799613	2.765967
2021-08-29 02:30:00	2021-08-28 18:30:00																																	
2021-08-29 03:00:00	2021-08-28 19:00:00							-0.063745	0.322818	0.329052	168.829941	2.623102	45.482765	69.852676	5.284193	4.894159	6.456095	84285.710938	24.629083	0.000000													23.809717	2.360726
2021-08-29 03:30:00	2021-08-28 19:30:00																																	
2021-08-29 04:00:00	2021-08-28 20:00:00							-1.383180	0.500178	1.470838	109.880737	2.859308	45.482765	69.852676	5.692208	5.003042	6.452610	84313.031250	22.912103	0.000000													26.846430	2.044303
2021-08-29 04:30:00	2021-08-28 20:30:00																																	
2021-08-29 05:00:00	2021-08-28 21:00:00							-2.169010	0.697141	2.278291	107.817917	3.841364	45.482765	69.852676	5.948541	5.111542	6.450185	84350.375000	20.498956	0.000000													33.349777	1.607261
2021-08-29 05:30:00	2021-08-28 21:30:00																																	
2021-08-29 06:00:00	2021-08-28 22:00:00							-2.635391	1.039245	2.832898	111.521393	5.213159	45.482765	69.852676	6.045881	5.204679	6.447179	84342.062500	18.928125	0.000000													40.473230	1.302183
2021-08-29 06:30:00	2021-08-28 22:30:00																																	
2021-08-29 07:00:00	2021-08-28 23:00:00							-2.149617	1.487408	2.614046	124.680954	5.910577	45.482765	69.852676	6.000421	5.272412	6.442359	84317.726562	17.596185	0.000000													46.185936	1.082826
2021-08-29 07:30:00	2021-08-28 23:30:00																																	
2021-08-29 08:00:00	2021-08-29 00:00:00							-2.287072	1.520020	2.746117	123.608566	6.534662	45.482765	69.852676	5.983976	5.335166	6.437710	84319.476562	16.935724	0.000000													50.278140	0.959558
2021-08-29 08:30:00	2021-08-29 00:30:00																																	
2021-08-29 09:00:00	2021-08-29 01:00:00							-1.491907	1.930915	2.440127	142.308815	6.509393	45.482765	69.852676	5.941830	5.386129	6.432441	84322.859375	16.401727	0.000000													51.922763	0.896867
2021-08-29 09:30:00	2021-08-29 01:30:00	15.750000	724.770000	46.620000	175.000000	8053.000000	518.000000																											
2021-08-29 10:00:00	2021-08-29 02:00:00							-1.566640	2.842471	3.245612	151.138458	6.275690	45.482765	69.852676	5.900436	5.428822	6.426826	84322.195312	15.838617	0.000000													52.961398	0.846520
2021-08-29 10:30:00	2021-08-29 02:30:00																																	
2021-08-29 11:00:00	2021-08-29 03:00:00							-0.962365	2.139230	2.345730	155.778694	5.897394	45.482765	69.852676	5.750718	5.444365	6.418739	84329.937500	15.364740	0.000000													53.183881	0.817319
2021-08-29 11:30:00	2021-08-29 03:30:00																																	
2021-08-29 12:00:00	2021-08-29 04:00:00							-0.596345	2.892860	2.953687	168.352005	5.453058	45.482765	69.852676	5.627385	5.449753	6.409782	84330.070312	14.991144	0.000426													52.822083	0.804088
2021-08-29 12:30:00	2021-08-29 04:30:00																																	
2021-08-29 13:00:00	2021-08-29 05:00:00							-0.193251	1.736018	1.746741	173.648071	5.010400	45.482765	69.852676	5.551501	5.452086	6.400634	84348.406250	14.626642	0.001284													52.435894	0.791840
2021-08-29 13:30:00	2021-08-29 05:30:00																																	
2021-08-29 14:00:00	2021-08-29 06:00:00							-0.238683	1.792593	1.808413	172.415703	4.784540	45.482765	69.852676	5.412372	5.435940	6.389594	84365.976562	14.561578	0.002152													51.832339	0.798525
2021-08-29 14:30:00	2021-08-29 06:30:00																																	
2021-08-29 15:00:00	2021-08-29 07:00:00							-0.022598	1.748684	1.748830	179.259613	5.618219	45.482765	69.852676	5.180800	5.392000	6.375490	84380.882812	18.239465	0.003004													43.463532	1.184593
2021-08-29 15:30:00	2021-08-29 07:30:00																																	
2021-08-29 16:00:00	2021-08-29 08:00:00							0.820518	2.112760	2.266496	201.224342	0.406030	45.482765	69.852676	4.838486	5.311124	6.357086	84376.742188	24.388971	0.003008													20.596775	2.425210
2021-08-29 16:30:00	2021-08-29 08:30:00																																	
2021-08-29 17:00:00	2021-08-29 09:00:00							3.102041	3.093449	4.380877	225.079464	-4.267828	45.482765	69.852676	4.254253	5.162966	6.330772	84378.375000	27.268365	0.003008													12.291503	3.176679
2021-08-29 17:30:00	2021-08-29 09:30:00																																	
2021-08-29 18:00:00	2021-08-29 10:00:00							4.704025	3.047235	5.604774	237.065121	-4.637579	45.482765	69.852676	3.810035	5.000721	6.301739	84368.273438	28.913232	0.003008													10.861785	3.552725
2021-08-29 18:30:00	2021-08-29 10:30:00																																	
2021-08-29 19:00:00	2021-08-29 11:00:00							5.362527	3.228693	6.259485	238.948521	-4.850714	45.482765	69.852676	3.392214	4.817787	6.269155	84363.585938	30.014154	0.003008													10.031190	3.820535
2021-08-29 19:30:00	2021-08-29 11:30:00																																	
2021-08-29 20:00:00	2021-08-29 12:00:00							4.485114	2.511191	5.140265	240.755777	-4.371954	45.482765	69.852676	3.260122	4.665239	6.238396	84323.101562	30.580499	0.003013													10.069635	3.944710
2021-08-29 20:30:00	2021-08-29 12:30:00																																	
2021-08-29 21:00:00	2021-08-29 13:00:00							5.964238	2.851583	6.610874	244.446907	-3.918646	45.482765	69.852676	3.465627	4.575495	6.213257	84327.562500	30.852838	0.003013													10.259059	3.998039
2021-08-29 21:30:00	2021-08-29 13:30:00	16.380000	766.620000	37.350000	182.000000	8518.000000	415.000000																											
2021-08-29 22:00:00	2021-08-29 14:00:00							6.056786	2.577150	6.582276	246.950344	-3.408453	45.482765	69.852676	3.340605	4.452725	6.183902	84312.289062	30.773798	0.003013													10.707787	3.960163
2021-08-29 22:30:00	2021-08-29 14:30:00																																	
2021-08-29 23:00:00	2021-08-29 15:00:00							6.293050	1.554934	6.482306	256.120923	-2.816473	45.482765	69.852676	3.373977	4.358351	6.156713	84299.851562	30.338800	0.003013													11.473656	3.829844
2021-08-29 23:30:00	2021-08-29 15:30:00																																	
2021-08-30 00:00:00	2021-08-29 16:00:00							5.982589	0.623066	6.014946	264.054276	-2.173956	45.245167	69.701469	3.532332	4.298077	6.132565	84271.289062	29.493036	0.003013													12.633540	3.600575
2021-08-30 00:30:00	2021-08-29 16:30:00																																	
2021-08-30 01:00:00	2021-08-29 17:00:00							5.204860	1.353679	5.378012	255.421501	-1.288519	45.245167	69.701469	3.733074	4.265194	6.111034	84258.734375	28.166650	0.000000													14.563159	3.260922
2021-08-30 01:30:00	2021-08-29 17:30:00																																	
2021-08-30 02:00:00	2021-08-29 18:00:00							3.788653	-0.244275	3.796520	273.689066	0.243433	45.245167	69.701469	4.025736	4.269999	6.093480	84288.843750	26.158960	0.000000													18.322360	2.771450
2021-08-30 02:30:00	2021-08-29 18:30:00																																	
2021-08-30 03:00:00	2021-08-29 19:00:00							1.882418	-0.194887	1.892479	275.910792	1.595789	45.245167	69.701469	4.390832	4.313869	6.080382	84293.898438	24.295343	0.000000													22.569544	2.351737
2021-08-30 03:30:00	2021-08-29 19:30:00																																	
2021-08-30 04:00:00	2021-08-29 20:00:00							0.857432	-0.229570	0.887633	284.988889	2.287256	45.245167	69.701469	4.818830	4.398098	6.072220	84329.210938	22.671014	0.000000													26.153798	2.033737
2021-08-30 04:30:00	2021-08-29 20:30:00																																	
2021-08-30 05:00:00	2021-08-29 21:00:00							-0.513829	-0.266762	0.578949	62.563278	1.884393	45.245167	69.701469	5.281914	4.519695	6.069016	84347.804688	20.619806	0.000000													28.805115	1.729691
2021-08-30 05:30:00	2021-08-29 21:30:00																																	
2021-08-30 06:00:00	2021-08-29 22:00:00							-0.171939	0.140692	0.222164	129.292313	2.387140	45.245167	69.701469	5.577143	4.641813	6.067091	84324.445312	18.600092	0.000000													33.848663	1.417732
2021-08-30 06:30:00	2021-08-29 22:30:00																																	
2021-08-30 07:00:00	2021-08-29 23:00:00							0.141783	0.607212	0.623545	193.143013	1.802209	45.245167	69.701469	5.760338	4.759330	6.065881	84289.750000	17.912897	0.000000													33.892489	1.356997
2021-08-30 07:30:00	2021-08-29 23:30:00																																	
2021-08-30 08:00:00	2021-08-30 00:00:00							0.281523	1.182216	1.215274	193.394463	1.710931	45.245167	69.701469	5.935859	4.881391	6.066326	84289.695312	17.362970	0.000426													34.859424	1.291577
2021-08-30 08:30:00	2021-08-30 00:30:00																																	
2021-08-30 09:00:00	2021-08-30 01:00:00							0.297867	1.686798	1.712896	190.014465	1.342554	45.245167	69.701469	5.989800	4.986325	6.066105	84273.835938	16.880640	0.000426													35.001564	1.249998
2021-08-30 09:30:00	2021-08-30 01:30:00	19.170000	820.260000	54.000000	213.000000	9114.000000	600.000000																											
2021-08-30 10:00:00	2021-08-30 02:00:00							0.432206	1.194999	1.270757	199.883987	0.967981	45.245167	69.701469	6.064567	5.090416	6.066822	84265.101562	16.495966	0.000426													34.912096	1.221501
2021-08-30 10:30:00	2021-08-30 02:30:00																																	
2021-08-30 11:00:00	2021-08-30 03:00:00							0.699536	1.483769	1.640402	205.241959	0.671350	45.245167	69.701469	6.062005	5.177898	6.066750	84232.304688	16.201959	0.000441													34.817542	1.200580
2021-08-30 11:30:00	2021-08-30 03:30:00																																	
2021-08-30 12:00:00	2021-08-30 04:00:00							0.465430	1.820377	1.878935	194.342026	0.426202	45.245167	69.701469	6.218870	5.286036	6.069776	84232.562500	15.997614	0.000441													34.653696	1.188002
2021-08-30 12:30:00	2021-08-30 04:30:00																																	
2021-08-30 13:00:00	2021-08-30 05:00:00							0.221728	1.947106	1.959690	186.496628	0.272211	45.245167	69.701469	6.364008	5.396457	6.074079	84241.460938	15.736139	0.000441													34.846374	1.164860
2021-08-30 13:30:00	2021-08-30 05:30:00																																	
2021-08-30 14:00:00	2021-08-30 06:00:00							0.297927	2.101668	2.122679	188.068344	0.384271	45.245167	69.701469	6.360977	5.483257	6.076859	84255.000000	15.633569	0.000441													35.362424	1.148069
2021-08-30 14:30:00	2021-08-30 06:30:00																																	
2021-08-30 15:00:00	2021-08-30 07:00:00							0.211499	1.908266	1.919951	186.324455	1.959039	45.245167	69.701469	6.279312	5.547750	6.078041	84256.578125	18.491907	0.000441													33.051922	1.425122
2021-08-30 15:30:00	2021-08-30 07:30:00																																	
2021-08-30 16:00:00	2021-08-30 08:00:00							1.777910	3.324672	3.770200	208.136208	-0.643500	45.245167	69.701469	5.866657	5.539284	6.071930	84243.125000	24.194482	0.000441													19.304216	2.436147
2021-08-30 16:30:00	2021-08-30 08:30:00																																	
2021-08-30 17:00:00	2021-08-30 09:00:00							3.266455	3.760304	4.980926	220.979797	-1.560492	45.245167	69.701469	5.078532	5.426534	6.054483	84238.507812	26.601801	0.000441													15.642659	2.938075
2021-08-30 17:30:00	2021-08-30 09:30:00																																	
2021-08-30 18:00:00	2021-08-30 10:00:00							4.867322	4.538400	6.654915	227.002850	-2.027472	45.245167	69.701469	4.414210	5.275166	6.031916	84230.359375	28.140192	0.000441													13.811415	3.284556
2021-08-30 18:30:00	2021-08-30 10:30:00																																	
2021-08-30 19:00:00	2021-08-30 11:00:00							6.020868	5.157439	7.927801	229.416843	-1.974738	45.245167	69.701469	3.893308	5.103386	6.005872	84199.664062	29.224207	0.000441													13.021532	3.529475
2021-08-30 19:30:00	2021-08-30 11:30:00																																	
2021-08-30 20:00:00	2021-08-30 12:00:00							5.330948	4.135548	6.746982	232.197048	-2.134711	45.245167	69.701469	3.543629	4.931005	5.978336	84160.679688	29.860956	0.000441													12.405125	3.687168
2021-08-30 20:30:00	2021-08-30 12:30:00																																	
2021-08-30 21:00:00	2021-08-30 13:00:00							7.123458	4.027236	8.183048	240.518419	-2.239813	45.245167	69.701469	3.381374	4.776459	5.951316	84139.039062	30.148859	0.000441													12.107255	3.761307
2021-08-30 21:30:00	2021-08-30 13:30:00	16.830000	837.540000	46.710000	187.000000	9306.000000	519.000000																											
2021-08-30 22:00:00	2021-08-30 14:00:00							7.109709	3.771687	8.048204	242.054136	-2.304144	45.245167	69.701469	3.282526	4.632667	5.924215	84107.781250	30.020197	0.000441													12.138803	3.732329
2021-08-30 22:30:00	2021-08-30 14:30:00																																	
2021-08-30 23:00:00	2021-08-30 15:00:00							7.097940	2.145526	7.415123	253.181274	-2.241766	45.245167	69.701469	3.304387	4.514726	5.898775	84077.460938	29.486993	0.000441													12.574550	3.601753
2021-08-30 23:30:00	2021-08-30 15:30:00																																	
2021-08-31 00:00:00	2021-08-30 16:00:00							6.769611	1.658299	6.969762	256.235744	-1.843268	45.745865	70.020096	3.424066	4.427070	5.875712	84055.554688	28.517419	0.000441													13.697489	3.361753
2021-08-31 00:30:00	2021-08-30 16:30:00																																	
2021-08-31 01:00:00	2021-08-30 17:00:00							5.725194	1.374124	5.887790	256.503536	-0.885016	45.745865	70.020096	3.552459	4.359704	5.854220	84039.734375	27.036890	0.000000													16.024377	3.000502
2021-08-31 01:30:00	2021-08-30 17:30:00																																	
2021-08-31 02:00:00	2021-08-30 18:00:00							5.063333	1.106678	5.182864	257.670920	0.788202	45.745865	70.020096	3.898860	4.349374	5.838465	84061.921875	25.034174	0.000000													20.374661	2.527493
2021-08-31 02:30:00	2021-08-30 18:30:00																																	
2021-08-31 03:00:00	2021-08-30 19:00:00							2.930737	0.717305	3.017242	256.247082	1.770319	45.745865	70.020096	4.371610	4.394063	5.828731	84076.382812	23.009821	0.000000													24.692282	2.116980
2021-08-31 03:30:00	2021-08-30 19:30:00																																	
2021-08-31 04:00:00	2021-08-30 20:00:00							1.978758	2.218201	2.972524	221.734737	2.323938	45.745865	70.020096	4.845291	4.477565	5.823739	84092.679688	21.166010	0.000000													28.743274	1.790310
2021-08-31 04:30:00	2021-08-30 20:30:00																																	
2021-08-31 05:00:00	2021-08-30 21:00:00							1.323138	2.190048	2.558712	211.138668	2.452234	45.745865	70.020096	5.091437	4.555207	5.818978	84097.875000	19.300562	0.000000													32.551537	1.510128
2021-08-31 05:30:00	2021-08-30 21:30:00																																	
2021-08-31 06:00:00	2021-08-30 22:00:00							1.480705	2.411841	2.830100	211.547066	2.754602	45.745865	70.020096	5.170696	4.617927	5.813406	84071.335938	18.123285	0.000000													35.800697	1.335373
2021-08-31 06:30:00	2021-08-30 22:30:00																																	
2021-08-31 07:00:00	2021-08-30 23:00:00							1.206047	2.691490	2.949350	204.136978	2.460382	45.745865	70.020096	5.245396	4.681317	5.808576	84010.296875	17.695062	0.000000													36.015959	1.295514
2021-08-31 07:30:00	2021-08-30 23:30:00																																	
2021-08-31 08:00:00	2021-08-31 00:00:00							0.568982	2.815598	2.872514	191.424591	2.297296	45.745865	70.020096	5.355179	4.752064	5.805211	83982.812500	16.870477	0.000000													37.504742	1.201085
2021-08-31 08:30:00	2021-08-31 00:30:00																																	
2021-08-31 09:00:00	2021-08-31 01:00:00							0.294697	2.509777	2.527020	186.696991	2.019220	45.745865	70.020096	5.464559	4.826261	5.802946	83965.234375	16.271661	0.000000													38.193659	1.143466
2021-08-31 09:30:00	2021-08-31 01:30:00	27.540000	892.980000	78.840000	306.000000	9922.000000	876.000000																											
2021-08-31 10:00:00	2021-08-31 02:00:00							0.490994	2.408309	2.457850	191.523254	1.650476	45.745865	70.020096	5.659657	4.919112	5.803453	83939.476562	15.864374	0.000000													38.177430	1.114410
2021-08-31 10:30:00	2021-08-31 02:30:00																																	
2021-08-31 11:00:00	2021-08-31 03:00:00							0.388879	2.322348	2.354682	189.506020	1.311792	45.745865	70.020096	5.789982	5.009498	5.804598	83923.812500	15.526971	0.000000													38.072940	1.092437
2021-08-31 11:30:00	2021-08-31 03:30:00																																	
2021-08-31 12:00:00	2021-08-31 04:00:00							0.346862	3.038490	3.058224	186.512474	1.081659	45.745865	70.020096	5.964296	5.111432	5.807868	83900.312500	15.149530	0.000000													38.365475	1.061243
2021-08-31 12:30:00	2021-08-31 04:30:00																																	
2021-08-31 13:00:00	2021-08-31 05:00:00							-0.137372	3.038566	3.041669	177.411453	0.891138	45.745865	70.020096	5.937896	5.183661	5.808883	83908.765625	14.780908	0.000000													38.750576	1.029872
2021-08-31 13:30:00	2021-08-31 05:30:00																																	
2021-08-31 14:00:00	2021-08-31 06:00:00							0.025742	3.479325	3.479420	180.423904	0.791528	45.745865	70.020096	5.919630	5.248452	5.809789	83930.656250	14.723199	0.000000													38.616132	1.028298
2021-08-31 14:30:00	2021-08-31 06:30:00																																	
2021-08-31 15:00:00	2021-08-31 07:00:00							0.619033	3.528368	3.582260	189.950966	1.739282	45.745865	70.020096	5.661575	5.262450	5.805810	83937.593750	17.530542	0.000000													34.562697	1.311263
2021-08-31 15:30:00	2021-08-31 07:30:00																																	
2021-08-31 16:00:00	2021-08-31 08:00:00							0.460844	5.394284	5.413933	184.883034	-1.868903	45.745865	70.020096	5.097823	5.196690	5.793356	83911.492188	22.842279	0.000000													19.137554	2.250198
2021-08-31 16:30:00	2021-08-31 08:30:00																																	
2021-08-31 17:00:00	2021-08-31 09:00:00							2.528214	6.603508	7.070940	200.949814	-5.713751	45.745865	70.020096	4.235808	5.032117	5.769662	83943.937500	25.350336	0.000000													12.332334	2.835599
2021-08-31 17:30:00	2021-08-31 09:30:00																																	
2021-08-31 18:00:00	2021-08-31 10:00:00							4.180269	7.212355	8.336229	210.096512	-7.014502	45.745865	70.020096	3.692540	4.862136	5.744002	83958.679688	26.824365	0.000435													10.228636	3.167823
2021-08-31 18:30:00	2021-08-31 10:30:00																																	
2021-08-31 19:00:00	2021-08-31 11:00:00							5.426983	6.614643	8.556029	219.367168	-6.045905	45.745865	70.020096	3.400443	4.703806	5.718192	83946.148438	27.605341	0.000435													10.527447	3.305057
2021-08-31 19:30:00	2021-08-31 11:30:00																																	
2021-08-31 20:00:00	2021-08-31 12:00:00							5.638402	7.487648	9.373177	216.980740	-5.999243	45.745865	70.020096	3.154461	4.541727	5.690678	83923.687500	28.045465	0.000435													10.297493	3.399679
2021-08-31 20:30:00	2021-08-31 12:30:00																																	
2021-08-31 21:00:00	2021-08-31 13:00:00							4.861715	5.617599	7.429246	220.874340	-5.672430	45.745865	70.020096	3.095261	4.405799	5.664683	83931.335938	28.148798	0.000435													10.494877	3.412654
2021-08-31 21:30:00	2021-08-31 13:30:00	19.350000	909.720000	32.490000	215.000000	10108.000000	361.000000																											
2021-08-31 22:00:00	2021-08-31 14:00:00							7.097594	3.041492	7.721821	246.803688	-5.364813	45.745865	70.020096	3.053102	4.279875	5.638697	83905.257812	27.915643	0.000435													10.890880	3.351754
2021-08-31 22:30:00	2021-08-31 14:30:00																																	
2021-08-31 23:00:00	2021-08-31 15:00:00							5.980953	3.187135	6.777140	241.947706	-5.055243	45.745865	70.020096	3.035829	4.166006	5.613039	83877.976562	27.364923	0.000435													11.514781	3.222973
2021-08-31 23:30:00	2021-08-31 15:30:00																																	
2021-09-01 00:00:00	2021-08-31 16:00:00							5.529619	4.711540	7.264661	229.567173		47.217361	70.956505	3.111322	4.077608	5.589280																	
2021-09-01 00:30:00	2021-08-31 16:30:00																																	
2021-09-01 01:00:00	2021-08-31 17:00:00							5.821809	3.224206	6.654996	241.021654	-3.342291	47.217361	70.956505	3.295032	4.023545	5.568613	83854.070312	24.853265	0.000000													15.198280	2.662940
2021-09-01 01:30:00	2021-08-31 17:30:00																																	
2021-09-01 02:00:00	2021-08-31 18:00:00							4.827134	1.342546	5.010355	254.457429	-1.280829	47.217361	70.956505	3.775631	4.044554	5.555762	83899.148438	22.825433	0.000000													20.006254	2.223755
2021-09-01 02:30:00	2021-08-31 18:30:00																																	
2021-09-01 03:00:00	2021-08-31 19:00:00							2.889633	1.030554	3.067902	250.371822	0.065790	47.217361	70.956505	4.428904	4.138232	5.551125	83895.992188	20.639154	0.000000													25.231358	1.818682
2021-09-01 03:30:00	2021-08-31 19:30:00																																	
2021-09-01 04:00:00	2021-08-31 20:00:00							0.771313	2.065944	2.205232	200.472954	1.065210	47.217361	70.956505	4.917414	4.252679	5.549704	83905.031250	19.188226	0.000000													29.676482	1.563524
2021-09-01 04:30:00	2021-08-31 20:30:00																																	
2021-09-01 05:00:00	2021-08-31 21:00:00							0.349822	2.293974	2.320494	188.670593	1.076105	47.217361	70.956505	4.987897	4.325417	5.544892	83932.062500	17.491876	0.000000													33.033389	1.338637
2021-09-01 05:30:00	2021-08-31 21:30:00																																	
2021-09-01 06:00:00	2021-08-31 22:00:00							-0.776758	2.397732	2.520411	162.050003	1.244196	47.217361	70.956505	4.797138	4.350780	5.535702	83918.351562	15.995874	0.000000													36.768076	1.149435
2021-09-01 06:30:00	2021-08-31 22:30:00																																	
2021-09-01 07:00:00	2021-08-31 23:00:00							0.566899	2.600188	2.661269	192.299286	1.089807	47.217361	70.956505	4.629481	4.360803	5.525186	83874.812500	15.315240	0.000000													37.981403	1.079289
2021-09-01 07:30:00	2021-08-31 23:30:00																																	
2021-09-01 08:00:00	2021-09-01 00:00:00							0.436551	3.417123	3.444896	187.280327	0.722467	47.217361	70.956505	4.552351	4.371132	5.514904	83850.210938	14.457422	0.000000													39.089059	1.003008
2021-09-01 08:30:00	2021-09-01 00:30:00																																	
2021-09-01 09:00:00	2021-09-01 01:00:00							0.251986	2.856662	2.867754	185.041008	0.352045	47.217361	70.956505	4.429859	4.365375	5.503079	83877.539062	13.795465	0.000000													39.722586	0.950882
2021-09-01 09:30:00	2021-09-01 01:30:00	21.690000	933.210000	53.010000	241.000000	10369.000000	589.000000																											
2021-09-01 10:00:00	2021-09-01 02:00:00							-1.117719	2.674651	2.898803	157.320282	-0.091559	47.217361	70.956505	4.358245	4.358265	5.491167	83850.578125	13.315942	0.000000													39.682080	0.922266
2021-09-01 10:30:00	2021-09-01 02:30:00																																	
2021-09-01 11:00:00	2021-09-01 03:00:00							-1.163022	3.123938	3.333408	159.580032	-0.440588	47.217361	70.956505	4.305471	4.348735	5.479039	83891.757812	12.895868	0.000000													39.761403	0.896109
2021-09-01 11:30:00	2021-09-01 03:30:00																																	
2021-09-01 12:00:00	2021-09-01 04:00:00							-0.148661	3.692972	3.695963	177.694809	-0.730322	47.217361	70.956505	4.353316	4.353468	5.468484	83878.921875	12.439752	0.000000													40.109845	0.864668
2021-09-01 12:30:00	2021-09-01 04:30:00																																	
2021-09-01 13:00:00	2021-09-01 05:00:00							0.050291	3.447898	3.448265	180.835663	-0.961096	47.217361	70.956505	4.333913	4.349951	5.457184	83894.234375	12.090265	0.000000													40.354483	0.841559
2021-09-01 13:30:00	2021-09-01 05:30:00																																	
2021-09-01 14:00:00	2021-09-01 06:00:00							-0.523501	3.071704	3.115994	170.328186	-1.051947	47.217361	70.956505	4.300982	4.342557	5.445539	83932.414062	11.934625	0.000000													40.499757	0.830938
2021-09-01 14:30:00	2021-09-01 06:30:00																																	
2021-09-01 15:00:00	2021-09-01 07:00:00							-0.296451	2.857748	2.873083	174.077568	0.071710	47.217361	70.956505	4.297653	4.338202	5.434266	83941.132812	14.837793	0.000000													36.382334	1.073624
2021-09-01 15:30:00	2021-09-01 07:30:00																																	
2021-09-01 16:00:00	2021-09-01 08:00:00							-0.264583	3.702513	3.711955	175.912575	-3.429266	47.217361	70.956505	4.090321	4.297106	5.419075	83952.765625	19.423334	0.000000													21.016636	1.781946
2021-09-01 16:30:00	2021-09-01 08:30:00																																	
2021-09-01 17:00:00	2021-09-01 09:00:00							1.631003	4.942491	5.204650	198.262703	-5.404547	47.217361	70.956505	3.653142	4.199500	5.397501	83984.968750	21.679559	0.000000													15.752185	2.184318
2021-09-01 17:30:00	2021-09-01 09:30:00																																	
2021-09-01 18:00:00	2021-09-01 10:00:00							2.614887	5.553271	6.138115	205.214500	-5.832770	47.217361	70.956505	3.346435	4.094797	5.374413	84004.257812	23.152002	0.000000													13.940846	2.440096
2021-09-01 18:30:00	2021-09-01 10:30:00																																	
2021-09-01 19:00:00	2021-09-01 11:00:00							3.434211	5.585375	6.556693	211.585602	-5.176489	47.217361	70.956505	3.365896	4.030750	5.354935	84017.914062	23.756708	0.000000													14.131876	2.525055
2021-09-01 19:30:00	2021-09-01 11:30:00																																	
2021-09-01 20:00:00	2021-09-01 12:00:00							4.249454	5.416903	6.884817	218.113487	-4.396063	47.217361	70.956505	3.398000	3.976526	5.336086	84012.992188	24.302362	0.000000													14.510154	2.597610
2021-09-01 20:30:00	2021-09-01 12:30:00																																	
2021-09-01 21:00:00	2021-09-01 13:00:00							5.830239	6.038565	8.393805	223.994431	-3.589209	47.217361	70.956505	3.496959	3.942166	5.319046	84020.007812	24.470331	0.000000													15.264719	2.600694
2021-09-01 21:30:00	2021-09-01 13:30:00	14.490000	947.340000	28.350000	161.000000	10526.000000	315.000000																											
2021-09-01 22:00:00	2021-09-01 14:00:00							6.410673	4.302037	7.720379	236.135460	-2.922491	47.217361	70.956505	3.253958	3.858098	5.296444	84052.171875	24.317804	0.000000													16.192577	2.548846
2021-09-01 22:30:00	2021-09-01 14:30:00																																	
2021-09-01 23:00:00	2021-09-01 15:00:00							5.288116	4.238615	6.777170	231.286579	-2.162360	47.217361	70.956505	3.136261	3.782305	5.274137	84033.093750	23.672052	0.000852													17.811404	2.404578
2021-09-01 23:30:00	2021-09-01 15:30:00																																	
2021-09-02 00:00:00	2021-09-01 16:00:00							5.314175	5.355375	7.544568	224.778759	-1.362433	49.511375	72.416328	3.652329	3.817164	5.263310	84054.304688	22.695490	0.000852													20.043669	2.205281
2021-09-02 00:30:00	2021-09-01 16:30:00																																	
2021-09-02 01:00:00	2021-09-01 17:00:00							4.020041	5.218213	6.587144	217.610172	-0.356696	49.511375	72.416328	4.220632	3.904897	5.258666	84051.789062	21.301202	0.000000													23.491230	1.938267
2021-09-02 01:30:00	2021-09-01 17:30:00																																	
2021-09-02 02:00:00	2021-09-01 18:00:00							3.139565	3.140249	4.440499	224.993767	1.024408	49.511375	72.416328	4.917900	4.059300	5.262157	84067.445312	19.352411	0.000000													29.288356	1.588305
2021-09-02 02:30:00	2021-09-01 18:30:00																																	
2021-09-02 03:00:00	2021-09-01 19:00:00							2.540879	2.350954	3.461654	227.223385	2.206110	49.511375	72.416328	5.827874	4.301118	5.276608	84089.523438	17.291193	0.000000													36.281596	1.257660
2021-09-02 03:30:00	2021-09-01 19:30:00																																	
2021-09-02 04:00:00	2021-09-01 20:00:00							1.041715	3.214159	3.378755	197.957611	3.263055	49.511375	72.416328	6.432848	4.548185	5.293855	84101.585938	16.097650	0.000000													42.195325	1.057628
2021-09-02 04:30:00	2021-09-01 20:30:00																																	
2021-09-02 05:00:00	2021-09-01 21:00:00							0.694743	2.897947	2.980061	193.481453	3.488702	49.511375	72.416328	6.706189	4.767682	5.310362	84150.148438	14.855707	0.000000													46.429278	0.905114
2021-09-02 05:30:00	2021-09-01 21:30:00																																	
2021-09-02 06:00:00	2021-09-01 22:00:00							0.634319	3.128298	3.191960	191.462364	3.528955	49.511375	72.416328	6.796755	4.959039	5.325804	84154.570312	13.438501	0.000000													51.041366	0.754588
2021-09-02 06:30:00	2021-09-01 22:30:00																																	
2021-09-02 07:00:00	2021-09-01 23:00:00							0.682382	3.096238	3.170541	192.428764	1.900415	49.511375	72.416328	6.654455	5.099249	5.337421	84162.132812	12.787531	0.000000													47.433303	0.776453
2021-09-02 07:30:00	2021-09-01 23:30:00																																	
2021-09-02 08:00:00	2021-09-02 00:00:00							0.241360	3.000300	3.009993	184.599281	1.562097	49.511375	72.416328	6.487177	5.209445	5.347042	84151.257812	12.112054	0.000000													48.397032	0.729130
2021-09-02 08:30:00	2021-09-02 00:30:00																																	
2021-09-02 09:00:00	2021-09-02 01:00:00							0.653934	3.237177	3.302566	191.420479	1.174188	49.511375	72.416328	6.329194	5.296269	5.355112	84204.437500	11.593164	0.000000													48.705220	0.700368
2021-09-02 09:30:00	2021-09-02 01:30:00	18.090000	954.900000	32.670000	201.000000	10610.000000	363.000000																											
2021-09-02 10:00:00	2021-09-02 02:00:00							0.410120	2.847049	2.876436	188.197121	0.778253	49.511375	72.416328	6.177735	5.362172	5.361684	84168.882812	11.130640	0.000000													48.806436	0.677883
2021-09-02 10:30:00	2021-09-02 02:30:00																																	
2021-09-02 11:00:00	2021-09-02 03:00:00							0.501456	3.471581	3.507611	188.219307	0.326654	49.511375	72.416328	6.119965	5.425367	5.368544	84202.835938	10.777979	0.000000													48.356431	0.667992
2021-09-02 11:30:00	2021-09-02 03:30:00																																	
2021-09-02 12:00:00	2021-09-02 04:00:00							-0.340049	3.030539	3.049558	173.597763	-0.219611	49.511375	72.416328	6.010030	5.468224	5.373749	84183.664062	10.393976	0.000000													47.678102	0.659654
2021-09-02 12:30:00	2021-09-02 04:30:00																																	
2021-09-02 13:00:00	2021-09-02 05:00:00							0.047031	2.922953	2.923331	180.921822	-0.706396	49.511375	72.416328	6.011010	5.517313	5.379999	84202.679688	10.030084	0.000000													47.146012	0.650337
2021-09-02 13:30:00	2021-09-02 05:30:00																																	
2021-09-02 14:00:00	2021-09-02 06:00:00							0.134422	2.516958	2.520545	183.057068	-0.772589	49.511375	72.416328	6.016134	5.562808	5.386278	84218.460938	9.842645	0.000000													47.511356	0.637776
2021-09-02 14:30:00	2021-09-02 06:30:00																																	
2021-09-02 15:00:00	2021-09-02 07:00:00							-0.065503	1.832374	1.833544	177.952698	0.177911	49.511375	72.416328	5.999409	5.600713	5.392118	84260.476562	13.037531	0.000852													41.210376	0.882698
2021-09-02 15:30:00	2021-09-02 07:30:00																																	
2021-09-02 16:00:00	2021-09-02 08:00:00							0.550522	3.391329	3.435722	189.220528	-4.945197	49.511375	72.416328	5.718752	5.586031	5.392569	84263.906250	17.648065	0.000852													20.950159	1.595824
2021-09-02 16:30:00	2021-09-02 08:30:00																																	
2021-09-02 17:00:00	2021-09-02 09:00:00							1.606580	3.759068	4.087993	203.141289	-5.383002	49.511375	72.416328	5.059520	5.478981	5.382851	84303.960938	20.039575	0.000852													17.452217	1.934933
2021-09-02 17:30:00	2021-09-02 09:30:00																																	
2021-09-02 18:00:00	2021-09-02 10:00:00							2.345386	3.213984	3.978760	216.119888	-5.291937	49.511375	72.416328	4.596827	5.357569	5.370623	84315.453125	21.636224	0.000852													15.930016	2.173943
2021-09-02 18:30:00	2021-09-02 10:30:00																																	
2021-09-02 19:00:00	2021-09-02 11:00:00							3.884774	3.718714	5.377760	226.251144	-6.296454	49.511375	72.416328	4.411044	5.255345	5.359407	84325.179688	22.753198	0.000852													13.782701	2.386298
2021-09-02 19:30:00	2021-09-02 11:30:00																																	
2021-09-02 20:00:00	2021-09-02 12:00:00							5.474504	3.188069	6.335138	239.785679	-4.958899	49.511375	72.416328	4.315137	5.161807	5.348241	84315.960938	23.425684	0.000852													14.656710	2.460098
2021-09-02 20:30:00	2021-09-02 12:30:00																																	
2021-09-02 21:00:00	2021-09-02 13:00:00							5.690057	3.291334	6.573403	239.953367	-3.709052	49.511375	72.416328	4.341119	5.090063	5.338634	84319.937500	23.766901	0.001723													15.779806	2.478114
2021-09-02 21:30:00	2021-09-02 13:30:00	8.370000	958.950000	12.510000	93.000000	10655.000000	139.000000																											
2021-09-02 22:00:00	2021-09-02 14:00:00							4.717046	2.705667	5.437937	240.161699	-2.597357	49.511375	72.416328	4.423651	5.037353	5.330482	84323.773438	23.758447	0.001719													17.155853	2.436387
2021-09-02 22:30:00	2021-09-02 14:30:00																																	
2021-09-02 23:00:00	2021-09-02 15:00:00							5.267560	2.862916	5.995287	241.475943	-1.545264	49.511375	72.416328	4.629094	5.019044	5.325626	84304.929688	23.295221	0.001719													19.070970	2.314567
2021-09-02 23:30:00	2021-09-02 15:30:00																																	
2021-09-03 00:00:00	2021-09-02 16:00:00							5.526785	1.748633	5.796815	252.443020	-0.424292	50.984932	73.354050	4.942242	5.040383	5.324938	84280.851562	22.322321	0.001719													21.963061	2.104127
2021-09-03 00:30:00	2021-09-02 16:30:00																																	
2021-09-03 01:00:00	2021-09-02 17:00:00							4.576424	1.710790	4.885740	249.502905	0.677515	50.984932	73.354050	5.342418	5.103779	5.329028	84325.101562	20.920679	0.000000													25.923401	1.833332
2021-09-03 01:30:00	2021-09-02 17:30:00																																	
2021-09-03 02:00:00	2021-09-02 18:00:00							4.063057	0.049267	4.063356	269.305284	1.692529	50.984932	73.354050	6.053130	5.253650	5.343079	84330.593750	19.084528	0.000000													31.247707	1.518744
2021-09-03 02:30:00	2021-09-02 18:30:00																																	
2021-09-03 03:00:00	2021-09-02 19:00:00							1.081700	-0.045595	1.082661	272.413673	2.610712	50.984932	73.354050	7.041464	5.504280	5.369389	84358.835938	17.376489	0.000000													37.143040	1.247363
2021-09-03 03:30:00	2021-09-02 19:30:00																																	
2021-09-03 04:00:00	2021-09-02 20:00:00							-0.207281	-0.684890	0.715570	16.838379	3.789667	50.984932	73.354050	7.771917	5.774945	5.400069	84372.453125	16.220117	0.000000													43.454220	1.042709
2021-09-03 04:30:00	2021-09-02 20:30:00																																	
2021-09-03 05:00:00	2021-09-02 21:00:00							-1.077675	0.101677	1.082461	95.389847	4.011285	50.984932	73.354050	7.985399	5.993773	5.427476	84405.625000	14.974756	0.000000													47.804445	0.888669
2021-09-03 05:30:00	2021-09-02 21:30:00																																	
2021-09-03 06:00:00	2021-09-02 22:00:00							-1.152229	0.927732	1.479296	128.839737	4.622308	50.984932	73.354050	7.566409	6.097918	5.444318	84425.367188	13.438379	0.000000													55.122136	0.691687
2021-09-03 06:30:00	2021-09-02 22:30:00																																	
2021-09-03 07:00:00	2021-09-02 23:00:00							-1.180451	0.535410	1.296198	114.397324	5.309564	50.984932	73.354050	7.119255	6.149751	5.456340	84392.601562	12.284418	0.000426													62.371434	0.537744
2021-09-03 07:30:00	2021-09-02 23:30:00																																	
2021-09-03 08:00:00	2021-09-03 00:00:00							-1.704904	0.545637	1.790089	107.746750	5.704248	50.984932	73.354050	6.810862	6.181592	5.466585	84384.085938	11.506830	0.000860													67.481940	0.441465
2021-09-03 08:30:00	2021-09-03 00:30:00																																	
2021-09-03 09:00:00	2021-09-03 01:00:00							-1.955305	0.275351	1.974597	98.015839	5.967004	50.984932	73.354050	6.578412	6.196429	5.475195	84399.257812	10.870294	0.000861													71.687988	0.368464
2021-09-03 09:30:00	2021-09-03 01:30:00	14.670000	964.170000	30.960000	163.000000	10713.000000	344.000000																											
2021-09-03 10:00:00	2021-09-03 02:00:00							-2.723531	-0.588995	2.786492	77.797043	6.059839	50.984932	73.354050	6.636698	6.241436	5.487140	84383.507812	10.375848	0.001289													74.568359	0.320244
2021-09-03 10:30:00	2021-09-03 02:30:00																																	
2021-09-03 11:00:00	2021-09-03 03:00:00							-2.007624	-0.231305	2.020905	83.427734	6.088007	50.984932	73.354050	6.705131	6.289476	5.499737	84414.867188	9.935876	0.001278													76.946530	0.281874
2021-09-03 11:30:00	2021-09-03 03:30:00																																	
2021-09-03 12:00:00	2021-09-03 04:00:00							-2.357893	-0.408945	2.393093	80.160690	6.069269	50.984932	73.354050	6.650007	6.317048	5.510461	84400.453125	9.498956	0.001278													79.135341	0.247734
2021-09-03 12:30:00	2021-09-03 04:30:00																																	
2021-09-03 13:00:00	2021-09-03 05:00:00							-2.286906	-0.141838	2.291301	86.450943	5.988885	50.984932	73.354050	6.651447	6.347367	5.521648	84405.476562	9.155267	0.001278													80.539873	0.225768
2021-09-03 13:30:00	2021-09-03 05:30:00																																	
2021-09-03 14:00:00	2021-09-03 06:00:00							-3.035214	0.084434	3.036388	91.593460	5.814722	50.984932	73.354050	6.670801	6.378313	5.533090	84414.531250	9.064325	0.003004													80.063747	0.229877
2021-09-03 14:30:00	2021-09-03 06:30:00																																	
2021-09-03 15:00:00	2021-09-03 07:00:00							-2.616180	0.347010	2.639094	97.555634	6.091577	50.984932	73.354050	6.651370	6.401209	5.543851	84434.335938	12.394586	0.003004													65.374777	0.498422
2021-09-03 15:30:00	2021-09-03 07:30:00																																	
2021-09-03 16:00:00	2021-09-03 08:00:00							-2.118531	0.419957	2.159754	101.212418	0.998590	50.984932	73.354050	6.196257	6.341618	5.545783	84425.226562	18.644220	0.003022													30.554423	1.492449
2021-09-03 16:30:00	2021-09-03 08:30:00																																	
2021-09-03 17:00:00	2021-09-03 09:00:00							-1.820875	0.404123	1.865181	102.513351	-2.242041	50.984932	73.354050	5.577268	6.216729	5.540029	84456.335938	21.486627	0.003007													20.217428	2.044287
2021-09-03 17:30:00	2021-09-03 09:30:00																																	
2021-09-03 18:00:00	2021-09-03 10:00:00							-0.115344	0.939688	0.946740	173.002144	-2.501807	50.984932	73.354050	4.986710	6.052368	5.528827	84439.210938	23.299890	0.003007													17.762122	2.352663
2021-09-03 18:30:00	2021-09-03 10:30:00																																	
2021-09-03 19:00:00	2021-09-03 11:00:00							1.591551	0.685539	1.732916	246.696686	-3.359778	50.984932	73.354050	4.546371	5.876655	5.514894	84485.804688	24.161615	0.003864													15.819234	2.536354
2021-09-03 19:30:00	2021-09-03 11:30:00																																	
2021-09-03 20:00:00	2021-09-03 12:00:00							2.743714	0.528394	2.794131	259.099228	-2.780737	50.984932	73.354050	4.334952	5.718387	5.501269	84473.726562	25.006982	0.003858													15.704774	2.671396
2021-09-03 20:30:00	2021-09-03 12:30:00																																	
2021-09-03 21:00:00	2021-09-03 13:00:00							3.546157	0.574797	3.592440	260.793005	-2.062323	50.984932	73.354050	4.229127	5.574386	5.487776	84463.335938	25.470361	0.004299													16.115498	2.732640
2021-09-03 21:30:00	2021-09-03 13:30:00	5.490000	965.700000	7.470000	61.000000	10730.000000	83.000000																											
2021-09-03 22:00:00	2021-09-03 14:00:00							4.172991	0.257731	4.180943	266.465810	-1.296484	50.984932	73.354050	4.172283	5.442675	5.474337	84472.218750	25.506158	0.004286													17.016613	2.709034
2021-09-03 22:30:00	2021-09-03 14:30:00																																	
2021-09-03 23:00:00	2021-09-03 15:00:00							4.274434	-0.068935	4.274990	270.923948	-0.561102	50.984932	73.354050	4.173331	5.328176	5.461607	84420.765625	25.032465	0.004288													18.472599	2.587605
2021-09-03 23:30:00	2021-09-03 15:30:00																																	
2021-09-04 00:00:00	2021-09-03 16:00:00							4.043396	0.097760	4.044577	268.614994	-0.000372	51.941227	73.962601	4.285074	5.244096	5.451180	84424.648438	24.190332	0.004288													20.236837	2.407393
2021-09-04 00:30:00	2021-09-03 16:30:00																																	
2021-09-04 01:00:00	2021-09-03 17:00:00							3.684321	0.257302	3.693295	266.005118	0.556055	51.941227	73.962601	4.485627	5.193730	5.443689	84456.335938	22.889154	0.000000													22.789066	2.154692
2021-09-04 01:30:00	2021-09-03 17:30:00																																	
2021-09-04 02:00:00	2021-09-03 18:00:00							1.670676	-0.335596	1.704049	281.358082	1.673334	51.941227	73.962601	4.872998	5.199749	5.441894	84463.984375	21.024591	0.000000													27.674804	1.801450
2021-09-04 02:30:00	2021-09-03 18:30:00																																	
2021-09-04 03:00:00	2021-09-03 19:00:00							-0.238787	-0.454650	0.513542	27.708931	2.719781	51.941227	73.962601	5.355878	5.257440	5.445781	84495.750000	19.314722	0.000000													33.148487	1.498082
2021-09-04 03:30:00	2021-09-03 19:30:00																																	
2021-09-04 04:00:00	2021-09-03 20:00:00							-1.526813	-0.230418	1.544102	81.418015	3.584894	51.941227	73.962601	5.804503	5.347332	5.453687	84514.382812	18.037592	0.000000													38.175576	1.279069
2021-09-04 04:30:00	2021-09-03 20:30:00																																	
2021-09-04 05:00:00	2021-09-03 21:00:00							-1.828584	-0.230980	1.843114	82.800735	4.403436	51.941227	73.962601	6.194170	5.458962	5.464754	84532.703125	16.178339	0.000000													45.492048	1.002457
2021-09-04 05:30:00	2021-09-03 21:30:00																																	
2021-09-04 06:00:00	2021-09-03 22:00:00							-1.902621	0.134574	1.907375	94.045837	5.311792	51.941227	73.962601	6.265272	5.538173	5.473289	84532.976562	15.012689	0.000000													52.232887	0.815260
2021-09-04 06:30:00	2021-09-03 22:30:00																																	
2021-09-04 07:00:00	2021-09-03 23:00:00							-1.788456	-0.262738	1.807652	81.642578	5.839105	51.941227	73.962601	6.331412	5.615756	5.482340	84503.351562	14.383447	0.000000													56.427419	0.714076
2021-09-04 07:30:00	2021-09-03 23:30:00																																	
2021-09-04 08:00:00	2021-09-04 00:00:00							-1.594525	0.312496	1.624858	101.088348	6.279199	51.941227	73.962601	6.268789	5.669056	5.489428	84514.117188	13.698114	0.000000													60.816957	0.614216
2021-09-04 08:30:00	2021-09-04 00:30:00																																	
2021-09-04 09:00:00	2021-09-04 01:00:00							-1.844375	0.134957	1.849306	94.184998	6.704980	51.941227	73.962601	6.219631	5.714323	5.496097	84509.820312	12.980402	0.000000													65.631035	0.514109
2021-09-04 09:30:00	2021-09-04 01:30:00	8.010000	966.960000	15.570000	89.000000	10744.000000	173.000000																											
2021-09-04 10:00:00	2021-09-04 02:00:00							-2.064370	0.154151	2.070117	94.270493	7.107416	51.941227	73.962601	6.181900	5.753128	5.502443	84508.351562	12.290643	0.000000													70.594697	0.420399
2021-09-04 10:30:00	2021-09-04 02:30:00																																	
2021-09-04 11:00:00	2021-09-04 03:00:00							-2.344760	0.461542	2.389753	101.135742	7.313654	51.941227	73.962601	6.123701	5.781327	5.507957	84515.460938	11.728448	0.000000													74.303664	0.354005
2021-09-04 11:30:00	2021-09-04 03:30:00																																	
2021-09-04 12:00:00	2021-09-04 04:00:00							-2.299387	0.737020	2.414618	107.772156	7.291986	51.941227	73.962601	6.370430	5.856786	5.518818	84520.367188	11.290796	0.000000													76.374479	0.316182
2021-09-04 12:30:00	2021-09-04 04:30:00																																	
2021-09-04 13:00:00	2021-09-04 05:00:00							-2.203343	0.255790	2.218141	96.621948	7.149957	51.941227	73.962601	6.177109	5.868250	5.523371	84510.492188	10.876978	0.000000													77.742515	0.289796
2021-09-04 13:30:00	2021-09-04 05:30:00																																	
2021-09-04 14:00:00	2021-09-04 06:00:00							-2.189093	0.603483	2.270753	105.412323	6.939874	51.941227	73.962601	6.107903	5.883636	5.528418	84520.593750	10.744714	0.000000													77.307203	0.292874
2021-09-04 14:30:00	2021-09-04 06:30:00																																	
2021-09-04 15:00:00	2021-09-04 07:00:00							-2.167667	0.553599	2.237242	104.326492	7.216669	51.941227	73.962601	5.958606	5.876925	5.531168	84552.148438	14.172510	0.000000													62.901691	0.599727
2021-09-04 15:30:00	2021-09-04 07:30:00																																	
2021-09-04 16:00:00	2021-09-04 08:00:00							-1.457792	1.149994	1.856783	128.268524	2.270990	51.941227	73.962601	5.349969	5.774403	5.523433	84555.117188	20.748407	0.000000													29.379098	1.729386
2021-09-04 16:30:00	2021-09-04 08:30:00																																	
2021-09-04 17:00:00	2021-09-04 09:00:00							0.751105	1.628417	1.793293	204.761467	-1.805670	51.941227	73.962601	4.680443	5.615195	5.508621	84557.976562	23.832117	0.000000													18.112669	2.418936
2021-09-04 17:30:00	2021-09-04 09:30:00																																	
2021-09-04 18:00:00	2021-09-04 10:00:00							2.076448	1.313046	2.456772	237.692703	-1.846747	51.941227	73.962601	4.109035	5.427635	5.489320	84588.757812	25.668512	0.000000													16.183307	2.762708
2021-09-04 18:30:00	2021-09-04 10:30:00																																	
2021-09-04 19:00:00	2021-09-04 11:00:00							2.621539	1.153587	2.864128	246.248501	-2.129950	51.941227	73.962601	3.772508	5.247830	5.469212	84606.539062	26.570428	0.000000													15.025554	2.954109
2021-09-04 19:30:00	2021-09-04 11:30:00																																	
2021-09-04 20:00:00	2021-09-04 12:00:00							4.006577	2.321081	4.630343	239.915535	-1.653998	51.941227	73.962601	3.640996	5.090897	5.450022	84603.875000	27.347955	0.000000													14.869621	3.097700
2021-09-04 20:30:00	2021-09-04 12:30:00																																	
2021-09-04 21:00:00	2021-09-04 13:00:00							5.030893	2.353921	5.554352	244.925428	-1.301978	51.941227	73.962601	3.623055	4.956764	5.431956	84575.484375	27.787317	0.000000													14.873716	3.178081
2021-09-04 21:30:00	2021-09-04 13:30:00	7.200000	968.310000	9.090000	80.000000	10759.000000	101.000000																											
2021-09-04 22:00:00	2021-09-04 14:00:00							4.379646	1.393863	4.596102	252.345846	-0.979132	51.941227	73.962601	3.606189	4.833315	5.413912	84583.835938	27.870416	0.000000													15.157176	3.182882
2021-09-04 22:30:00	2021-09-04 14:30:00																																	
2021-09-04 23:00:00	2021-09-04 15:00:00							4.675183	1.050327	4.791714	257.338161	-0.662390	51.941227	73.962601	3.644005	4.729361	5.396951	84545.203125	27.441766	0.000000													15.906205	3.076818
2021-09-04 23:30:00	2021-09-04 15:30:00																																	
2021-09-05 00:00:00	2021-09-04 16:00:00							4.550812	0.634195	4.594790	262.066434	-0.312018	53.625774	75.034584	3.706074	4.642585	5.381001	84549.929688	26.619348	0.000000													17.125205	2.889421
2021-09-05 00:30:00	2021-09-04 16:30:00																																	
2021-09-05 01:00:00	2021-09-04 17:00:00							3.882377	1.168290	4.054350	253.252340	0.153070	53.625774	75.034584	3.911182	4.595074	5.368616	84562.507812	25.277216	0.000000													19.178541	2.602826
2021-09-05 01:30:00	2021-09-04 17:30:00																																	
2021-09-05 02:00:00	2021-09-04 18:00:00							1.476384	-0.762472	1.661648	297.313871	1.341119	53.625774	75.034584	4.267287	4.597633	5.361319	84577.328125	23.215204	0.000000													23.647295	2.173162
2021-09-05 02:30:00	2021-09-04 18:30:00																																	
2021-09-05 03:00:00	2021-09-04 19:00:00							-0.130175	-0.286496	0.314683	24.435555	2.459039	53.625774	75.034584	4.781433	4.660645	5.360675	84586.890625	21.395837	0.000000													28.615670	1.818959
2021-09-05 03:30:00	2021-09-04 19:30:00																																	
2021-09-05 04:00:00	2021-09-04 20:00:00							-1.158072	-0.605273	1.306709	62.405930	2.977319	53.625774	75.034584	5.281630	4.761866	5.364799	84599.000000	20.030389	0.000000													32.294051	1.586136
2021-09-05 04:30:00	2021-09-04 20:30:00																																	
2021-09-05 05:00:00	2021-09-04 21:00:00							-2.169679	-0.200363	2.178911	84.723862	3.830408	53.625774	75.034584	5.573215	4.861438	5.369696	84620.039062	18.066095	0.000000													38.773101	1.268978
2021-09-05 05:30:00	2021-09-04 21:30:00																																	
2021-09-05 06:00:00	2021-09-04 22:00:00							-2.134719	-0.267289	2.151387	82.863098	4.659021	53.625774	75.034584	5.786819	4.964263	5.375873	84612.101562	16.793909	0.000000													44.535189	1.060801
2021-09-05 06:30:00	2021-09-04 22:30:00																																	
2021-09-05 07:00:00	2021-09-04 23:00:00							-2.054890	-0.317064	2.079207	81.228577	4.989618	53.625774	75.034584	5.850066	5.049942	5.381135	84599.328125	16.143976	0.000000													47.500986	0.963397
2021-09-05 07:30:00	2021-09-04 23:30:00																																	
2021-09-05 08:00:00	2021-09-05 00:00:00							-2.307328	0.067523	2.308315	91.676270	5.756158	53.625774	75.034584	5.758980	5.105728	5.383944	84577.289062	15.317865	0.000000													52.824396	0.821120
2021-09-05 08:30:00	2021-09-05 00:30:00																																	
2021-09-05 09:00:00	2021-09-05 01:00:00							-2.663296	0.244191	2.674468	95.238663	6.419794	53.625774	75.034584	5.648272	5.144712	5.385448	84586.789062	14.477533	0.000000													58.383300	0.686186
2021-09-05 09:30:00	2021-09-05 01:30:00	10.170000	970.560000	10.800000	113.000000	10784.000000	120.000000																											
2021-09-05 10:00:00	2021-09-05 02:00:00							-2.071115	0.650289	2.170805	107.431274	6.984674	53.625774	75.034584	5.531954	5.169170	5.385743	84561.398438	13.699030	0.000000													63.841138	0.566844
2021-09-05 10:30:00	2021-09-05 02:30:00																																	
2021-09-05 11:00:00	2021-09-05 03:00:00							-2.116750	0.836278	2.275959	111.557816	7.350153	53.625774	75.034584	5.450869	5.187280	5.385587	84575.257812	13.060571	0.000000													68.244508	0.477512
2021-09-05 11:30:00	2021-09-05 03:30:00																																	
2021-09-05 12:00:00	2021-09-05 04:00:00							-2.004333	0.610180	2.095154	106.931839	7.437921	53.625774	75.034584	5.412611	5.204168	5.385476	84577.632812	12.576471	0.000000													70.867864	0.424390
2021-09-05 12:30:00	2021-09-05 04:30:00																																	
2021-09-05 13:00:00	2021-09-05 05:00:00							-2.290259	1.199278	2.585258	117.638504	7.348138	53.625774	75.034584	5.319942	5.206254	5.383927	84588.867188	12.189081	0.000000													72.250401	0.394085
2021-09-05 13:30:00	2021-09-05 05:30:00																																	
2021-09-05 14:00:00	2021-09-05 06:00:00							-1.898346	1.372609	2.342600	125.869019	7.246484	53.625774	75.034584	5.338239	5.219821	5.383659	84622.898438	12.067560	0.000000													72.325693	0.389882
2021-09-05 14:30:00	2021-09-05 06:30:00																																	
2021-09-05 15:00:00	2021-09-05 07:00:00							-1.732076	1.619767	2.371441	133.080948	8.184564	53.625774	75.034584	5.179798	5.201903	5.380111	84638.539062	15.385278	0.000000													62.143058	0.661781
2021-09-05 15:30:00	2021-09-05 07:30:00																																	
2021-09-05 16:00:00	2021-09-05 08:00:00							-0.142700	1.545028	1.551604	174.723099	3.437616	53.625774	75.034584	4.804781	5.132194	5.370804	84667.726562	22.139093	0.000000													29.313594	1.884803
2021-09-05 16:30:00	2021-09-05 08:30:00																																	
2021-09-05 17:00:00	2021-09-05 09:00:00							0.914647	1.268330	1.563726	215.796974	-1.006537	53.625774	75.034584	4.187521	4.991182	5.353172	84678.617188	25.464471	0.000000													17.426148	2.689003
2021-09-05 17:30:00	2021-09-05 09:30:00																																	
2021-09-05 18:00:00	2021-09-05 10:00:00							2.800492	1.281515	3.079779	245.411007	-1.703314	53.625774	75.034584	3.675548	4.826187	5.331730	84696.429688	27.331720	0.000000													14.829669	3.096211
2021-09-05 18:30:00	2021-09-05 10:30:00																																	
2021-09-05 19:00:00	2021-09-05 11:00:00							3.292302	1.751769	3.729336	241.983437	-2.743658	53.625774	75.034584	3.340573	4.661827	5.308952	84719.882812	28.339258	0.000000													12.945387	3.356166
2021-09-05 19:30:00	2021-09-05 11:30:00																																	
2021-09-05 20:00:00	2021-09-05 12:00:00							3.843693	1.564538	4.149910	247.851700	-3.124518	53.625774	75.034584	3.185958	4.514630	5.286648	84687.179688	29.163477	0.000000													11.996357	3.558582
2021-09-05 20:30:00	2021-09-05 12:30:00																																	
2021-09-05 21:00:00	2021-09-05 13:00:00							4.172387	1.195591	4.340305	254.010424	-3.505255	53.625774	75.034584	3.065810	4.372987	5.263724	84662.343750	29.687646	0.000000													11.312502	3.696172
2021-09-05 21:30:00	2021-09-05 13:30:00	3.150000	971.100000	5.220000	35.000000	10790.000000	58.000000																											
2021-09-05 22:00:00	2021-09-05 14:00:00							4.903947	1.604561	5.159779	251.882015	-3.800421	53.625774	75.034584	2.970223	4.237719	5.240329	84658.929688	29.799982	0.000000													10.993394	3.733496
2021-09-05 22:30:00	2021-09-05 14:30:00																																	
2021-09-05 23:00:00	2021-09-05 15:00:00							5.060802	0.801313	5.123848	261.002641	-3.869818	53.625774	75.034584	2.954705	4.120491	5.217795	84632.742188	29.394189	0.000000													11.194499	3.639104
2021-09-05 23:30:00	2021-09-05 15:30:00																																	
2021-09-06 00:00:00	2021-09-05 16:00:00							4.146047	1.262160	4.333907	253.068439	-3.647833	54.504745	75.593925	2.987783	4.021220	5.196282	84606.929688	28.468561	0.000000													12.008579	3.417841
2021-09-06 00:30:00	2021-09-05 16:30:00																																	
2021-09-06 01:00:00	2021-09-05 17:00:00							3.935373	1.183260	4.109411	253.265390	-3.112799	54.504745	75.593925	3.136202	3.954722	5.177562	84625.367188	27.010919	0.000000													13.609021	3.082106
2021-09-06 01:30:00	2021-09-05 17:30:00																																	
2021-09-06 02:00:00	2021-09-05 18:00:00							2.056191	0.234812	2.069555	263.485183	-1.591193	54.504745	75.593925	3.474405	3.941895	5.164196	84636.671875	24.790033	0.000000													17.375946	2.584790
2021-09-06 02:30:00	2021-09-05 18:30:00																																	
2021-09-06 03:00:00	2021-09-05 19:00:00							0.072542	-0.123654	0.143362	329.601772	-0.696783	54.504745	75.593925	3.970037	3.989182	5.157356	84662.539062	23.039545	0.000000													20.613568	2.235652
2021-09-06 03:30:00	2021-09-05 19:30:00																																	
2021-09-06 04:00:00	2021-09-05 20:00:00							-0.904295	0.125432	0.912952	97.896957	-0.271765	54.504745	75.593925	4.426558	4.069884	5.154671	84680.437500	21.523004	0.000000													23.318426	1.969207
2021-09-06 04:30:00	2021-09-05 20:30:00																																	
2021-09-06 05:00:00	2021-09-05 21:00:00							-1.364099	0.387827	1.418159	105.871002	0.894800	54.504745	75.593925	4.713360	4.153869	5.153158	84713.648438	19.208490	0.000000													29.276715	1.574398
2021-09-06 05:30:00	2021-09-05 21:30:00																																	
2021-09-06 06:00:00	2021-09-05 22:00:00							-1.976250	0.470321	2.031445	103.386597	2.347559	54.504745	75.593925	4.881341	4.234710	5.152141	84703.914062	17.568781	0.000000													36.012934	1.285300
2021-09-06 06:30:00	2021-09-05 22:30:00																																	
2021-09-06 07:00:00	2021-09-05 23:00:00							-1.249374	0.402218	1.312522	107.845215	2.359247	54.504745	75.593925	4.979720	4.310850	5.151416	84695.070312	16.809595	0.000000													37.816741	1.190481
2021-09-06 07:30:00	2021-09-05 23:30:00																																	
2021-09-06 08:00:00	2021-09-06 00:00:00							-1.798680	1.554996	2.377659	130.844086	3.498956	54.504745	75.593925	5.065347	4.386694	5.151412	84682.539062	15.954675	0.000000													43.298978	1.028006
2021-09-06 08:30:00	2021-09-06 00:30:00																																	
2021-09-06 09:00:00	2021-09-06 01:00:00							-1.858982	1.820484	2.601918	134.400543	4.414484	54.504745	75.593925	5.158396	4.464762	5.152391	84701.039062	15.262109	0.000860													48.277460	0.897043
2021-09-06 09:30:00	2021-09-06 01:30:00	6.300000	974.790000	10.530000	70.000000	10831.000000	117.000000																											
2021-09-06 10:00:00	2021-09-06 02:00:00							-1.964750	2.854849	3.465603	145.463669	4.883234	54.504745	75.593925	5.187615	4.532657	5.153022	84680.148438	14.723932	0.000860													51.646937	0.810045
2021-09-06 10:30:00	2021-09-06 02:30:00																																	
2021-09-06 11:00:00	2021-09-06 03:00:00							-1.726497	2.600992	3.121851	146.424423	4.544000	54.504745	75.593925	5.369612	4.624647	5.156926	84721.398438	14.385187	0.000852													51.551467	0.794074
2021-09-06 11:30:00	2021-09-06 03:30:00																																	
2021-09-06 12:00:00	2021-09-06 04:00:00							-0.938785	2.978032	3.122498	162.503242	4.050439	54.504745	75.593925	5.338706	4.686320	5.158403	84711.578125	14.137872	0.000852													50.599568	0.796811
2021-09-06 12:30:00	2021-09-06 04:30:00																																	
2021-09-06 13:00:00	2021-09-06 05:00:00							-1.072844	1.980938	2.252800	151.560753	3.815576	54.504745	75.593925	5.442501	4.763957	5.162201	84742.757812	13.796136	0.000853													50.885889	0.774814
2021-09-06 13:30:00	2021-09-06 05:30:00																																	
2021-09-06 14:00:00	2021-09-06 06:00:00							-1.181725	2.363503	2.642465	153.435478	3.891656	54.504745	75.593925	5.500299	4.835650	5.166078	84754.242188	13.557977	0.000853													51.958324	0.746242
2021-09-06 14:30:00	2021-09-06 06:30:00																																	
2021-09-06 15:00:00	2021-09-06 07:00:00							-1.016532	1.903872	2.158256	151.900970	4.848749	54.504745	75.593925	5.481511	4.892261	5.168983	84792.617188	16.445428	0.001726													46.140936	1.007524
2021-09-06 15:30:00	2021-09-06 07:30:00																																	
2021-09-06 16:00:00	2021-09-06 08:00:00							0.279098	2.592745	2.607723	186.143990	0.648553	54.504745	75.593925	5.139905	4.883776	5.165353	84791.976562	23.014124	0.001723													22.769391	2.171600
2021-09-06 16:30:00	2021-09-06 08:30:00																																	
2021-09-06 17:00:00	2021-09-06 09:00:00							1.241318	3.691902	3.894999	198.584053	-3.053198	54.504745	75.593925	4.772269	4.840517	5.157903	84793.046875	26.582666	0.001716													14.018088	2.991287
2021-09-06 17:30:00	2021-09-06 09:30:00																																	
2021-09-06 18:00:00	2021-09-06 10:00:00							2.016699	3.746083	4.254434	208.295746	-4.369482	54.504745	75.593925	4.429957	4.772548	5.147423	84781.710938	28.680933	0.001717													11.234272	3.490631
2021-09-06 18:30:00	2021-09-06 10:30:00																																	
2021-09-06 19:00:00	2021-09-06 11:00:00							2.792611	4.105382	4.965162	214.224777	-4.013403	54.504745	75.593925	4.028983	4.669219	5.132544	84808.273438	29.825891	0.001715													10.802557	3.747073
2021-09-06 19:30:00	2021-09-06 11:30:00																																	
2021-09-06 20:00:00	2021-09-06 12:00:00							2.519473	4.250459	4.941067	210.657475	-3.437476	54.504745	75.593925	3.754066	4.561781	5.116353	84764.203125	30.598444	0.001718													10.791980	3.917036
2021-09-06 20:30:00	2021-09-06 12:30:00																																	
2021-09-06 21:00:00	2021-09-06 13:00:00							3.507696	3.649182	5.061666	223.867458	-2.689795	54.504745	75.593925	3.587529	4.458792	5.099751	84765.468750	31.009332	0.001720													11.147593	3.993898
2021-09-06 21:30:00	2021-09-06 13:30:00	3.960000	975.780000	4.500000	44.000000	10842.000000	50.000000																											
2021-09-06 22:00:00	2021-09-06 14:00:00							4.506648	4.197708	6.158785	227.032722	-1.898016	54.504745	75.593925	3.527387	4.369277	5.083765	84739.781250	30.934351	0.001720													11.872766	3.944424
2021-09-06 22:30:00	2021-09-06 14:30:00																																	
2021-09-06 23:00:00	2021-09-06 15:00:00							4.683857	4.194973	6.287791	228.151623	-1.125708	54.504745	75.593925	3.538527	4.295285	5.068742	84712.273438	30.387842	0.001720													12.966497	3.775838
2021-09-06 23:30:00	2021-09-06 15:30:00																																	
2021-09-07 00:00:00	2021-09-06 16:00:00							4.095159	2.646223	4.875738	237.130135	-0.437018	52.837765	74.533127	3.576725	4.233864	5.054505	84701.054688	29.409631	0.001720													14.425135	3.509839
2021-09-07 00:30:00	2021-09-06 16:30:00																																	
2021-09-07 01:00:00	2021-09-06 17:00:00							3.641547	2.638212	4.496779	234.077591	0.081293	52.837765	74.533127	3.716318	4.199745	5.042768	84704.570312	27.986230	0.000000													16.267917	3.162478
2021-09-07 01:30:00	2021-09-06 17:30:00																																	
2021-09-07 02:00:00	2021-09-06 18:00:00							2.683084	-0.035396	2.683318	270.755812	0.854486	52.837765	74.533127	4.005680	4.208350	5.035446	84737.445312	25.953119	0.000000													19.385992	2.702291
2021-09-07 02:30:00	2021-09-06 18:30:00																																	
2021-09-07 03:00:00	2021-09-06 19:00:00							1.128422	-0.618455	1.286788	298.725845	2.066644	52.837765	74.533127	4.425248	4.265811	5.033580	84752.382812	24.258661	0.000000													23.395488	2.321545
2021-09-07 03:30:00	2021-09-06 19:30:00																																	
2021-09-07 04:00:00	2021-09-06 20:00:00							-1.057049	0.133886	1.065494	97.218643	2.059076	52.837765	74.533127	4.928235	4.371024	5.037475	84779.289062	22.489893	0.000000													26.015137	2.015285
2021-09-07 04:30:00	2021-09-06 20:30:00																																	
2021-09-07 05:00:00	2021-09-06 21:00:00							-0.322537	1.331135	1.369653	166.379631	2.928400	52.837765	74.533127	5.214615	4.473037	5.042013	84797.437500	20.034967	0.000000													32.172964	1.589423
2021-09-07 05:30:00	2021-09-06 21:30:00																																	
2021-09-07 06:00:00	2021-09-06 22:00:00							-0.510056	1.053607	1.170574	154.168182	3.949152	52.837765	74.533127	5.396275	4.572785	5.047262	84799.390625	18.661646	0.000000													37.665795	1.341080
2021-09-07 06:30:00	2021-09-06 22:30:00																																	
2021-09-07 07:00:00	2021-09-06 23:00:00							-0.506447	1.518568	1.600793	161.556320	4.037866	52.837765	74.533127	5.557897	4.676311	5.053845	84799.593750	18.106836	0.000000													39.243138	1.262464
2021-09-07 07:30:00	2021-09-06 23:30:00																																	
2021-09-07 08:00:00	2021-09-07 00:00:00							-0.568618	1.150808	1.283622	153.705872	4.486017	52.837765	74.533127	5.827411	4.804562	5.064059	84786.570312	17.486810	0.000000													42.110547	1.156818
2021-09-07 08:30:00	2021-09-07 00:30:00																																	
2021-09-07 09:00:00	2021-09-07 01:00:00							-1.104185	0.933339	1.445802	130.206970	4.937158	52.837765	74.533127	6.080393	4.942581	5.076489	84806.789062	16.944482	0.000000													44.978081	1.062431
2021-09-07 09:30:00	2021-09-07 01:30:00	2.970000	977.580000	9.450000	33.000000	10862.000000	105.000000																											
2021-09-07 10:00:00	2021-09-07 02:00:00							-0.657287	1.377830	1.526579	154.496750	5.356866	52.837765	74.533127	6.240335	5.074179	5.089452	84778.679688	16.371088	0.000000													48.032242	0.967554
2021-09-07 10:30:00	2021-09-07 02:30:00																																	
2021-09-07 11:00:00	2021-09-07 03:00:00							-0.587368	0.821339	1.009752	144.430138	5.784235	52.837765	74.533127	6.469279	5.220795	5.105206	84808.695312	15.879449	0.000000													51.056676	0.883101
2021-09-07 11:30:00	2021-09-07 03:30:00																																	
2021-09-07 12:00:00	2021-09-07 04:00:00							-0.348531	0.609507	0.702120	150.238022	6.244318	52.837765	74.533127	6.830440	5.398716	5.125638	84768.890625	15.414148	0.000000													54.303487	0.800306
2021-09-07 12:30:00	2021-09-07 04:30:00																																	
2021-09-07 13:00:00	2021-09-07 05:00:00							-1.333877	0.375101	1.385615	105.706604	6.736780	52.837765	74.533127	7.169086	5.589115	5.148964	84788.039062	15.029321	0.000000													57.585880	0.724674
2021-09-07 13:30:00	2021-09-07 05:30:00																																	
2021-09-07 14:00:00	2021-09-07 06:00:00							-1.852388	0.655361	1.964902	109.483414	7.262750	52.837765	74.533127	7.176220	5.733039	5.168885	84780.132812	14.789484	0.000000													60.633401	0.662292
2021-09-07 14:30:00	2021-09-07 06:30:00																																	
2021-09-07 15:00:00	2021-09-07 07:00:00							-1.463371	0.338242	1.501953	103.014740	8.387933	52.837765	74.533127	6.844076	5.803353	5.182037	84801.687500	17.921655	0.000000													53.628443	0.952399
2021-09-07 15:30:00	2021-09-07 07:30:00																																	
2021-09-07 16:00:00	2021-09-07 08:00:00							-1.268587	0.236890	1.290515	100.577332	5.399713	52.837765	74.533127	6.244597	5.789064	5.186571	84784.929688	24.696802	0.000000													28.831467	2.214064
2021-09-07 16:30:00	2021-09-07 08:30:00																																	
2021-09-07 17:00:00	2021-09-07 09:00:00							-1.380276	0.328755	1.418888	103.397141	3.226038	52.837765	74.533127	5.320367	5.663308	5.178830	84782.710938	28.018488	0.000000													20.349068	3.013992
2021-09-07 17:30:00	2021-09-07 09:30:00																																	
2021-09-07 18:00:00	2021-09-07 10:00:00							0.830390	0.912614	1.233861	222.299168	1.850824	52.837765	74.533127	4.520216	5.487872	5.164545	84773.570312	30.041040	0.000000													16.415074	3.554920
2021-09-07 18:30:00	2021-09-07 10:30:00																																	
2021-09-07 19:00:00	2021-09-07 11:00:00							2.387938	1.319347	2.728173	241.079136	1.517419	52.837765	74.533127	3.993134	5.305344	5.147912	84745.906250	31.132440	0.000000													15.058612	3.844938
2021-09-07 19:30:00	2021-09-07 11:30:00																																	
2021-09-07 20:00:00	2021-09-07 12:00:00							2.320989	1.917619	3.010690	230.436222	1.838983	52.837765	74.533127	3.741613	5.141466	5.131678	84726.039062	31.662103	0.000000													14.953716	3.967185
2021-09-07 20:30:00	2021-09-07 12:30:00																																	
2021-09-07 21:00:00	2021-09-07 13:00:00							3.884923	1.505617	4.166474	248.815969	2.278558	52.837765	74.533127	3.680759	5.004103	5.116874	84678.789062	31.715509	0.000000													15.384769	3.959035
2021-09-07 21:30:00	2021-09-07 13:30:00	0.900000	977.850000	5.760000	10.000000	10865.000000	64.000000																											
2021-09-07 22:00:00	2021-09-07 14:00:00							4.945619	1.703601	5.230813	250.992878	2.624078	52.837765	74.533127	3.751002	4.897318	5.104186	84680.875000	31.464136	0.000000													15.994751	3.874889
2021-09-07 22:30:00	2021-09-07 14:30:00																																	
2021-09-07 23:00:00	2021-09-07 15:00:00							4.824514	1.561319	5.070864	252.067272	2.613947	52.837765	74.533127	3.894450	4.819733	5.093745	84646.304688	30.774469	0.000000													16.622676	3.697976
2021-09-07 23:30:00	2021-09-07 15:30:00																																	
2021-09-08 00:00:00	2021-09-07 16:00:00							4.931430	0.417556	4.949077	265.160180	2.660150	48.886414	72.018623	4.075459	4.768884	5.085546	84620.875000	29.508722	0.000000													17.931893	3.385273
2021-09-08 00:30:00	2021-09-07 16:30:00																																	
2021-09-08 01:00:00	2021-09-07 17:00:00							4.159989	1.240255	4.340938	253.398632	2.784326	48.886414	72.018623	4.273194	4.741986	5.079528	84666.585938	28.130182	0.000000													19.593302	3.062431
2021-09-08 01:30:00	2021-09-07 17:30:00																																	
2021-09-08 02:00:00	2021-09-07 18:00:00							2.800086	-0.692608	2.884474	283.893379	3.281183	48.886414	72.018623	4.697903	4.776351	5.079949	84688.226562	26.061884	0.000000													22.912803	2.600734
2021-09-08 02:30:00	2021-09-07 18:30:00																																	
2021-09-08 03:00:00	2021-09-07 19:00:00							1.183602	-0.597164	1.325715	296.772360	4.151117	48.886414	72.018623	5.230758	4.865482	5.086645	84693.984375	24.240381	0.000000													27.151839	2.205290
2021-09-08 03:30:00	2021-09-07 19:30:00																																	
2021-09-08 04:00:00	2021-09-07 20:00:00							0.311467	-0.526310	0.611567	329.383198	4.404169	48.886414	72.018623	5.830884	5.006818	5.099810	84728.992188	22.598840	0.000000													30.513939	1.905299
2021-09-08 04:30:00	2021-09-07 20:30:00																																	
2021-09-08 05:00:00	2021-09-07 21:00:00							-0.097406	-0.466820	0.476874	11.786186	4.823724	48.886414	72.018623	6.174436	5.143244	5.113697	84749.882812	20.574640	0.000000													35.564159	1.561128
2021-09-08 05:30:00	2021-09-07 21:30:00																																	
2021-09-08 06:00:00	2021-09-07 22:00:00							-0.155834	-0.950204	0.962898	9.313637	5.518274	48.886414	72.018623	6.421083	5.280873	5.128915	84724.992188	19.479547	0.000000													39.945984	1.359623
2021-09-08 06:30:00	2021-09-07 22:30:00																																	
2021-09-08 07:00:00	2021-09-07 23:00:00							-1.059166	-0.109109	1.064771	84.118469	5.728052	48.886414	72.018623	6.521680	5.401972	5.143539	84702.742188	19.115839	0.000000													41.460226	1.295675
2021-09-08 07:30:00	2021-09-07 23:30:00																																	
2021-09-08 08:00:00	2021-09-08 00:00:00							-1.195490	-0.032785	1.195940	88.429108	6.243188	48.886414	72.018623	6.604242	5.517964	5.158651	84671.171875	18.532526	0.000000													44.560318	1.183149
2021-09-08 08:30:00	2021-09-08 00:30:00																																	
2021-09-08 09:00:00	2021-09-08 01:00:00							-0.850720	0.024064	0.851061	91.620285	6.597711	48.886414	72.018623	6.659793	5.626060	5.173895	84685.609375	17.969659	0.000000													47.305425	1.085537
2021-09-08 09:30:00	2021-09-08 01:30:00	4.500000	980.370000	12.510000	50.000000	10893.000000	139.000000																											
2021-09-08 10:00:00	2021-09-08 02:00:00							-1.006593	-0.231501	1.032871	77.048065	6.853571	48.886414	72.018623	6.591764	5.707100	5.187113	84640.453125	17.463892	0.000000													49.704976	1.003603
2021-09-08 10:30:00	2021-09-08 02:30:00																																	
2021-09-08 11:00:00	2021-09-08 03:00:00							-1.142064	-0.163268	1.153676	81.864182	6.985071	48.886414	72.018623	6.439693	5.759507	5.197890	84649.710938	17.042719	0.000000													51.510112	0.942149
2021-09-08 11:30:00	2021-09-08 03:30:00																																	
2021-09-08 12:00:00	2021-09-08 04:00:00							-1.579731	0.575082	1.681151	110.003418	6.950494	48.886414	72.018623	6.190028	5.775832	5.205160	84603.015625	16.693262	0.000000													52.539858	0.901924
2021-09-08 12:30:00	2021-09-08 04:30:00																																	
2021-09-08 13:00:00	2021-09-08 05:00:00							-1.714189	1.154125	2.066507	123.951508	6.647729	48.886414	72.018623	5.903099	5.761416	5.209184	84614.343750	16.492822	0.000000													52.116996	0.898438
2021-09-08 13:30:00	2021-09-08 05:30:00																																	
2021-09-08 14:00:00	2021-09-08 06:00:00							-1.698498	0.785156	1.871193	114.809448	6.126886	48.886414	72.018623	5.730358	5.743017	5.212596	84611.078125	16.541010	0.000000													50.123066	0.938723
2021-09-08 14:30:00	2021-09-08 06:30:00																																	
2021-09-08 15:00:00	2021-09-08 07:00:00							-1.456014	0.723983	1.626078	116.438263	6.463617	48.886414	72.018623	5.584105	5.715466	5.214802	84658.250000	19.408746	0.000000													42.836171	1.288505
2021-09-08 15:30:00	2021-09-08 07:30:00																																	
2021-09-08 16:00:00	2021-09-08 08:00:00							-0.529532	0.101126	0.539101	100.811707	3.074976	48.886414	72.018623	5.127573	5.621175	5.209477	84658.835938	25.595361	0.000000													23.212630	2.520060
2021-09-08 16:30:00	2021-09-08 08:30:00																																	
2021-09-08 17:00:00	2021-09-08 09:00:00							1.577987	0.787566	1.763605	243.476429	-0.384100	48.886414	72.018623	4.450638	5.454385	5.195416	84661.414062	28.755273	0.000000													15.038721	3.355439
2021-09-08 17:30:00	2021-09-08 09:30:00																																	
2021-09-08 18:00:00	2021-09-08 10:00:00							2.773658	0.071154	2.774570	268.530478	0.033502	48.886414	72.018623	4.062032	5.293602	5.180512	84655.523438	30.405389	0.000000													14.099219	3.730438
2021-09-08 18:30:00	2021-09-08 10:30:00																																	
2021-09-08 19:00:00	2021-09-08 11:00:00							3.358370	0.860755	3.466922	255.624451	0.549524	48.886414	72.018623	3.779363	5.131380	5.164023	84632.617188	31.312585	0.000435													13.899875	3.937499
2021-09-08 19:30:00	2021-09-08 11:30:00																																	
2021-09-08 20:00:00	2021-09-08 12:00:00							3.831031	1.468806	4.102949	249.023329	0.600366	48.886414	72.018623	3.648565	4.985707	5.147902	84595.070312	32.049280	0.000435													13.380968	4.130023
2021-09-08 20:30:00	2021-09-08 12:30:00																																	
2021-09-08 21:00:00	2021-09-08 13:00:00							4.674884	2.377345	5.244646	243.045044	0.749994	48.886414	72.018623	3.553329	4.847797	5.131355	84564.054688	32.441522	0.000435													13.230652	4.229745
2021-09-08 21:30:00	2021-09-08 13:30:00	2.970000	981.360000	6.930000	33.000000	10904.000000	77.000000																											
2021-09-08 22:00:00	2021-09-08 14:00:00							5.201207	2.787003	5.900842	241.815920	0.956781	48.886414	72.018623	3.500865	4.721463	5.114875	84574.812500	32.333612	0.000435													13.511732	4.190486
2021-09-08 22:30:00	2021-09-08 14:30:00																																	
2021-09-08 23:00:00	2021-09-08 15:00:00							4.505522	2.289976	5.054079	243.057596	1.500055	48.886414	72.018623	3.483829	4.608194	5.098736	84531.132812	31.277734	0.026961													14.916129	3.883328
2021-09-08 23:30:00	2021-09-08 15:30:00																																	
2021-09-09 00:00:00	2021-09-08 16:00:00							4.703542	3.564887	5.901841	232.840954	1.875635	47.720978	71.276985	3.516731	4.512630	5.083567	84516.875000	30.507074	0.026961													16.011413	3.668659
2021-09-09 00:30:00	2021-09-08 16:30:00																																	
2021-09-09 01:00:00	2021-09-08 17:00:00							4.027034	1.865028	4.437943	245.149881	2.419977	47.720978	71.276985	3.667641	4.449972	5.071179	84532.382812	29.416925	0.000000													17.721108	3.376073
2021-09-09 01:30:00	2021-09-08 17:30:00																																	
2021-09-09 02:00:00	2021-09-08 18:00:00							2.494583	0.853467	2.636542	251.112753	3.500696	47.720978	71.276985	4.130609	4.462939	5.066503	84554.507812	27.350580	0.000000													21.573190	2.854211
2021-09-09 02:30:00	2021-09-08 18:30:00																																	
2021-09-09 03:00:00	2021-09-08 19:00:00							1.347927	-0.296286	1.380106	282.396958	4.608331	47.720978	71.276985	4.765037	4.547491	5.069764	84557.929688	25.701105	0.000000													25.700125	2.453755
2021-09-09 03:30:00	2021-09-08 19:30:00																																	
2021-09-09 04:00:00	2021-09-08 20:00:00							-0.585726	-0.662374	0.884203	41.485779	5.090875	47.720978	71.276985	5.351036	4.672939	5.078257	84573.734375	24.183527	0.000000													29.097639	2.139086
2021-09-09 04:30:00	2021-09-08 20:30:00																																	
2021-09-09 05:00:00	2021-09-08 21:00:00							-1.594114	-0.615424	1.708785	68.890411	4.715479	47.720978	71.276985	5.633236	4.785110	5.086455	84591.992188	22.284601	0.000000													31.787779	1.835007
2021-09-09 05:30:00	2021-09-08 21:30:00																																	
2021-09-09 06:00:00	2021-09-08 22:00:00							-1.378178	-0.634138	1.517072	65.291534	5.290338	47.720978	71.276985	5.759683	4.884508	5.094286	84599.843750	20.585168	0.000000													36.717224	1.534187
2021-09-09 06:30:00	2021-09-08 22:30:00																																	
2021-09-09 07:00:00	2021-09-08 23:00:00							-1.116438	0.322785	1.162163	106.125671	6.144098	47.720978	71.276985	5.655210	4.944653	5.098755	84552.859375	19.376672	0.000000													41.984982	1.305085
2021-09-09 07:30:00	2021-09-08 23:30:00																																	
2021-09-09 08:00:00	2021-09-09 00:00:00							-1.411016	0.831186	1.637631	120.501022	6.619318	47.720978	71.276985	5.611344	5.000880	5.103345	84522.867188	18.625116	0.000000													45.467435	1.170555
2021-09-09 08:30:00	2021-09-09 00:30:00																																	
2021-09-09 09:00:00	2021-09-09 01:00:00							-1.454651	0.896912	1.708935	121.657242	6.986749	47.720978	71.276985	5.539853	5.043082	5.106920	84527.546875	18.132959	0.000000													48.092233	1.080360
2021-09-09 09:30:00	2021-09-09 01:30:00	0.720000	981.360000	2.070000	8.000000	10904.000000	23.000000																											
2021-09-09 10:00:00	2021-09-09 02:00:00							-1.369932	1.204650	1.824252	131.326797	7.239771	47.720978	71.276985	5.506074	5.081830	5.110497	84462.820312	17.869867	0.000000													49.750512	1.028688
2021-09-09 10:30:00	2021-09-09 02:30:00																																	
2021-09-09 11:00:00	2021-09-09 03:00:00							-1.245214	1.297737	1.798521	136.183243	7.349664	47.720978	71.276985	5.548810	5.127847	5.115208	84501.882812	17.506189	0.000000													51.288747	0.974599
2021-09-09 11:30:00	2021-09-09 03:30:00																																	
2021-09-09 12:00:00	2021-09-09 04:00:00							-1.430267	1.364529	1.976765	133.652573	7.494928	47.720978	71.276985	5.545810	5.165308	5.119395	84403.835938	17.010675	0.000000													53.450163	0.902620
2021-09-09 12:30:00	2021-09-09 04:30:00																																	
2021-09-09 13:00:00	2021-09-09 05:00:00							-1.214182	1.830931	2.196940	146.449661	7.773462	47.720978	71.276985	5.485536	5.188776	5.122390	84433.921875	16.482294	0.000000													56.335683	0.818733
2021-09-09 13:30:00	2021-09-09 05:30:00																																	
2021-09-09 14:00:00	2021-09-09 06:00:00							-1.638787	1.641866	2.319773	135.053772	7.952905	47.720978	71.276985	5.498636	5.217932	5.126203	84435.695312	16.147272	0.000000													58.259613	0.766129
2021-09-09 14:30:00	2021-09-09 06:30:00																																	
2021-09-09 15:00:00	2021-09-09 07:00:00							-1.284548	1.514437	1.985846	139.695343	8.859125	47.720978	71.276985	5.424230	5.229838	5.128393	84459.429688	18.822504	0.000000													52.327974	1.035998
2021-09-09 15:30:00	2021-09-09 07:30:00																																	
2021-09-09 16:00:00	2021-09-09 08:00:00							-0.026220	1.018894	1.019231	178.525894	3.426874	47.720978	71.276985	5.344749	5.233036	5.129733	84457.593750	25.684442	0.000000													23.673086	2.518211
2021-09-09 16:30:00	2021-09-09 08:30:00																																	
2021-09-09 17:00:00	2021-09-09 09:00:00							1.119890	2.070162	2.353662	208.411942	0.796259	47.720978	71.276985	4.769829	5.139313	5.120579	84463.257812	28.387292	0.000000													16.738591	3.218895
2021-09-09 17:30:00	2021-09-09 09:30:00																																	
2021-09-09 18:00:00	2021-09-09 10:00:00							1.926704	2.679981	3.300680	215.713287	0.971490	47.720978	71.276985	4.379045	5.035397	5.109489	84461.460938	29.563684	0.000000													15.837484	3.482667
2021-09-09 18:30:00	2021-09-09 10:30:00																																	
2021-09-09 19:00:00	2021-09-09 11:00:00							3.402340	3.502334	4.882854	224.170300	1.427545	47.720978	71.276985	4.127728	4.930765	5.097415	84437.601562	29.806909	0.000000													16.139233	3.519047
2021-09-09 19:30:00	2021-09-09 11:30:00																																	
2021-09-09 20:00:00	2021-09-09 12:00:00							3.521585	5.380785	6.430740	213.203716	1.953638	47.720978	71.276985	4.135931	4.859750	5.088080	84406.164062	30.004144	0.000000													16.571427	3.540770
2021-09-09 20:30:00	2021-09-09 12:30:00																																	
2021-09-09 21:00:00	2021-09-09 13:00:00							4.193152	5.142661	6.635472	219.192642	1.612421	47.720978	71.276985	4.237971	4.812829	5.080754	84408.585938	29.990656	0.000083													16.183462	3.554485
2021-09-09 21:30:00	2021-09-09 13:30:00	1.530000	981.450000	2.970000	17.000000	10905.000000	33.000000																											
2021-09-09 22:00:00	2021-09-09 14:00:00							3.206047	6.754653	7.476902	205.391014	1.665277	47.720978	71.276985	4.399865	4.790165	5.075673	84383.867188	29.605402	0.106442													16.608502	3.459055
2021-09-09 22:30:00	2021-09-09 14:30:00																																	
2021-09-09 23:00:00	2021-09-09 15:00:00							2.556612	7.382795	7.812934	199.100632	2.566095	47.720978	71.276985	4.678635	4.805265	5.074514	84374.117188	28.613000	0.106440													18.758064	3.182214
2021-09-09 23:30:00	2021-09-09 15:30:00																																	
2021-09-10 00:00:00	2021-09-09 16:00:00							3.370536	5.987653	6.871135	209.375790	3.159448	47.387310	71.064651	4.888106	4.831655	5.074740	84337.914062	27.927423	0.106442													20.360976	2.997602
2021-09-10 00:30:00	2021-09-09 16:30:00																																	
2021-09-10 01:00:00	2021-09-09 17:00:00							2.813606	5.241429	5.948862	208.226959	4.085138	47.387310	71.064651	5.370196	4.923798	5.082355	84338.656250	26.749994	0.000000													23.286620	2.695232
2021-09-10 01:30:00	2021-09-09 17:30:00																																	
2021-09-10 02:00:00	2021-09-09 18:00:00							2.330798	3.481939	4.190050	213.798214	5.235834	47.387310	71.064651	5.786891	5.039337	5.093335	84371.554688	24.773859	0.000000													28.373585	2.238581
2021-09-10 02:30:00	2021-09-09 18:30:00																																	
2021-09-10 03:00:00	2021-09-09 19:00:00							0.456765	2.735500	2.773372	189.479622	5.943506	47.387310	71.064651	6.359849	5.210278	5.111348	84409.460938	22.815698	0.000000													33.526536	1.846814
2021-09-10 03:30:00	2021-09-09 19:30:00																																	
2021-09-10 04:00:00	2021-09-09 20:00:00							-0.034734	1.653015	1.653380	178.796265	6.412775	47.387310	71.064651	6.948725	5.420387	5.135107	84434.429688	21.670679	0.000000													37.130490	1.629152
2021-09-10 04:30:00	2021-09-09 20:30:00																																	
2021-09-10 05:00:00	2021-09-09 21:00:00							0.308569	1.382905	1.416913	192.578438	6.682184	47.387310	71.064651	7.667329	5.688113	5.166941	84453.375000	20.922968	0.000000													39.599994	1.495058
2021-09-10 05:30:00	2021-09-09 21:30:00																																	
2021-09-10 06:00:00	2021-09-09 22:00:00							0.877276	1.725889	1.936054	206.944408	6.854303	47.387310	71.064651	30.666922	10.019631	5.641885	84460.117188	20.337427	0.000000													41.543455	1.395691
2021-09-10 06:30:00	2021-09-09 22:30:00																																	
2021-09-10 07:00:00	2021-09-09 23:00:00							-0.104420	0.937403	0.943201	173.643867	7.596460	47.387310	71.064651	21.915537	10.303452	5.715540	84409.414062	19.320245	0.001695													46.556090	1.198042
2021-09-10 07:30:00	2021-09-09 23:30:00																																	
2021-09-10 08:00:00	2021-09-10 00:00:00							-1.294725	2.088288	2.457083	148.201355	7.641595	47.387310	71.064651	24.925194	11.895188	5.933123	84339.851562	18.650201	0.002168													48.693632	1.103033
2021-09-10 08:30:00	2021-09-10 00:30:00																																	
2021-09-10 09:00:00	2021-09-10 01:00:00							0.137298	2.632062	2.635640	182.986053	7.705713	47.387310	71.064651	23.619881	12.835814	6.093536	84389.039062	18.179376	0.010142													50.371961	1.035927
2021-09-10 09:30:00	2021-09-10 01:30:00	5.040000	983.610000	2.790000	56.000000	10929.000000	31.000000																											
2021-09-10 10:00:00	2021-09-10 02:00:00							-0.803374	1.659459	1.843696	154.167542	7.687219	47.387310	71.064651	26.011322	14.241174	6.311999	84358.898438	17.778253	0.029833													51.593590	0.985258
2021-09-10 10:30:00	2021-09-10 02:30:00																																	
2021-09-10 11:00:00	2021-09-10 03:00:00							0.082533	3.145328	3.146411	181.503098	7.909448	47.387310	71.064651	35.740421	17.060453	6.695453	84406.867188	17.108881	0.109006													54.643473	0.884969
2021-09-10 11:30:00	2021-09-10 03:30:00																																	
2021-09-10 12:00:00	2021-09-10 04:00:00							1.050713	0.951473	1.417498	227.837597	8.570428	47.387310	71.064651	43.067276	20.069777	7.123373	84425.421875	16.010553	0.191796													61.289271	0.704347
2021-09-10 12:30:00	2021-09-10 04:30:00																																	
2021-09-10 13:00:00	2021-09-10 05:00:00							0.134252	1.116327	1.124371	186.857574	8.943628	47.387310	71.064651	41.941029	21.942575	7.453293	84419.773438	15.598535	0.344037													64.536050	0.628485
2021-09-10 13:30:00	2021-09-10 05:30:00																																	
2021-09-10 14:00:00	2021-09-10 06:00:00							0.366999	3.544829	3.563776	185.910828	9.387598	47.387310	71.064651	31.608604	21.882347	7.588645	84448.796875	15.073358	0.684492													68.778952	0.534947
2021-09-10 14:30:00	2021-09-10 06:30:00																																	
2021-09-10 15:00:00	2021-09-10 07:00:00							1.397445	5.628989	5.799860	193.942307	11.985406	47.387310	71.064651	24.860388	21.541941	7.691690	84545.046875	14.833063	1.843308													83.054435	0.285889
2021-09-10 15:30:00	2021-09-10 07:30:00																																	
2021-09-10 16:00:00	2021-09-10 08:00:00							2.704207	5.324649	5.971987	206.924458	12.445947	47.387310	71.064651	20.252411	21.009499	7.769564	84554.335938	15.787439	3.217177													80.521065	0.349403
2021-09-10 16:30:00	2021-09-10 08:30:00																																	
2021-09-10 17:00:00	2021-09-10 09:00:00							2.386950	5.843660	6.312360	202.218460	13.012933	47.387310	71.064651	16.153681	20.201078	7.811525	84570.726562	16.439264	4.110282													80.165299	0.370896
2021-09-10 17:30:00	2021-09-10 09:30:00																																	
2021-09-10 18:00:00	2021-09-10 10:00:00							2.686277	6.998497	7.496336	200.998619	11.653802	47.387310	71.064651	13.504659	19.357378	7.841332	84599.679688	18.202997	4.264926													65.576543	0.719616
2021-09-10 18:30:00	2021-09-10 10:30:00																																	
2021-09-10 19:00:00	2021-09-10 11:00:00							3.788567	8.327435	9.148738	204.463173	9.036920	47.387310	71.064651	11.952432	18.548738	7.866389	84575.351562	21.078302	4.331027													46.055649	1.348065
2021-09-10 19:30:00	2021-09-10 11:30:00																																	
2021-09-10 20:00:00	2021-09-10 12:00:00							3.752946	6.924088	7.875760	208.458271	8.675165	47.387310	71.064651	11.037476	17.788034	7.888481	84537.750000	21.984277	4.396463													42.519476	1.518290
2021-09-10 20:30:00	2021-09-10 12:30:00																																	
2021-09-10 21:00:00	2021-09-10 13:00:00							4.689698	7.128088	8.532461	213.341644	8.626398	47.387310	71.064651	10.237055	17.034086	7.903640	84557.234375	22.515192	4.437084													41.032339	1.608698
2021-09-10 21:30:00	2021-09-10 13:30:00	0.000000	983.610000	0.000000	0.000000	10929.000000	0.000000																											
2021-09-10 22:00:00	2021-09-10 14:00:00							4.900392	6.802653	8.383909	215.767654	8.547906	47.387310	71.064651	9.496004	16.286663	7.911976	84551.875000	22.611780	4.452668													40.576070	1.630676
2021-09-10 22:30:00	2021-09-10 14:30:00																																	
2021-09-10 23:00:00	2021-09-10 15:00:00							3.692739	5.231392	6.403420	215.217533	8.439813	47.387310	71.064651	9.123666	15.606389	7.920195	84527.421875	22.492700	4.458847													40.571804	1.619050
2021-09-10 23:30:00	2021-09-10 15:30:00																																	
2021-09-11 00:00:00	2021-09-10 16:00:00							3.375784	4.838459	5.899713	214.903412	8.405298	47.094162	70.878105	8.913850	14.983261	7.927871	84510.273438	21.954767	4.459713													41.823655	1.533907
2021-09-11 00:30:00	2021-09-10 16:30:00																																	
2021-09-11 01:00:00	2021-09-10 17:00:00							2.429680	3.975954	4.659566	211.428837	8.455469	47.094162	70.878105	8.951397	14.442111	7.938261	84556.703125	20.954279	0.000000													44.616605	1.373524
2021-09-11 01:30:00	2021-09-10 17:30:00																																	
2021-09-11 02:00:00	2021-09-10 18:00:00							1.843327	3.874891	4.290995	205.440933	8.673639	47.094162	70.878105	9.116816	13.976291	7.951422	84572.468750	19.390375	0.000000													49.877918	1.128490
2021-09-11 02:30:00	2021-09-10 18:30:00																																	
2021-09-11 03:00:00	2021-09-10 19:00:00							1.450527	3.206768	3.519572	204.338821	9.047388	47.094162	70.878105	9.470988	13.601541	7.969771	84613.554688	17.834344	0.000000													56.386335	0.890848
2021-09-11 03:30:00	2021-09-10 19:30:00																																	
2021-09-11 04:00:00	2021-09-10 20:00:00							0.276056	3.308758	3.320254	184.769264	10.225031	47.094162	70.878105	10.424451	13.400803	8.003145	84646.789062	16.743555	0.000000													65.388293	0.659859
2021-09-11 04:30:00	2021-09-10 20:30:00																																	
2021-09-11 05:00:00	2021-09-10 21:00:00							0.052319	3.004979	3.005434	180.997459	9.851221	47.094162	70.878105	11.152007	13.263475	8.041105	84666.429688	16.073175	0.000000													66.551998	0.611029
2021-09-11 05:30:00	2021-09-10 21:30:00																																	
2021-09-11 06:00:00	2021-09-10 22:00:00							0.815806	3.142638	3.246801	194.552368	9.739801	47.094162	70.878105	11.604133	13.154493	8.080424	84684.976562	15.139581	0.000000													70.128036	0.514016
2021-09-11 06:30:00	2021-09-10 22:30:00																																	
2021-09-11 07:00:00	2021-09-10 23:00:00							0.583268	2.109961	2.189095	195.452698	9.437036	47.094162	70.878105	12.024040	13.090350	8.123154	84648.539062	14.508234	0.000000													71.569573	0.469699
2021-09-11 07:30:00	2021-09-10 23:30:00																																	
2021-09-11 08:00:00	2021-09-11 00:00:00							0.280401	1.782387	1.804308	188.940384	9.401239	47.094162	70.878105	12.348481	13.052668	8.167706	84641.593750	14.006677	0.000000													73.754457	0.419744
2021-09-11 08:30:00	2021-09-11 00:30:00																																	
2021-09-11 09:00:00	2021-09-11 01:00:00							-0.617075	2.219808	2.303981	164.464836	9.217340	47.094162	70.878105	12.517035	13.019529	8.211947	84677.843750	13.744196	0.000000													74.098818	0.407234
2021-09-11 09:30:00	2021-09-11 01:30:00	0.000000	983.610000	0.000000	0.000000	10929.000000	0.000000																											
2021-09-11 10:00:00	2021-09-11 02:00:00							-0.668244	2.164038	2.264864	162.839577	9.026514	47.094162	70.878105	12.619267	12.992624	8.256106	84633.500000	13.502771	0.000000													74.309219	0.397628
2021-09-11 10:30:00	2021-09-11 02:30:00																																	
2021-09-11 11:00:00	2021-09-11 03:00:00							-1.133734	2.166769	2.445453	152.379776	8.946100	47.094162	70.878105	12.865069	13.003302	8.303647	84659.320312	13.225336	0.000000													75.256133	0.376105
2021-09-11 11:30:00	2021-09-11 03:30:00																																	
2021-09-11 12:00:00	2021-09-11 04:00:00							-1.162101	2.523955	2.778637	155.277306	8.904840	47.094162	70.878105	13.133695	13.039326	8.353577	84625.992188	12.844171	0.000000													76.940688	0.341871
2021-09-11 12:30:00	2021-09-11 04:30:00																																	
2021-09-11 13:00:00	2021-09-11 05:00:00							-0.929910	2.439738	2.610949	159.135582	8.823572	47.094162	70.878105	13.489099	13.112019	8.407345	84641.851562	12.615259	0.000000													77.675900	0.326041
2021-09-11 13:30:00	2021-09-11 05:30:00																																	
2021-09-11 14:00:00	2021-09-11 06:00:00							-1.130368	1.770703	2.100743	147.446960	8.830927	47.094162	70.878105	13.853642	13.211883	8.464248	84654.453125	12.498529	0.000000													78.312358	0.314328
2021-09-11 14:30:00	2021-09-11 06:30:00																																	
2021-09-11 15:00:00	2021-09-11 07:00:00							-1.192269	2.232081	2.530552	151.891037	10.222589	47.094162	70.878105	13.416348	13.190860	8.508458	84700.546875	14.942377	0.000000													73.359459	0.452631
2021-09-11 15:30:00	2021-09-11 07:30:00																																	
2021-09-11 16:00:00	2021-09-11 08:00:00							-0.468597	4.205882	4.231905	173.642632	8.410822	47.094162	70.878105	11.843583	12.927237	8.525715	84702.375000	19.545007	0.000000													48.528221	1.170071
2021-09-11 16:30:00	2021-09-11 08:30:00																																	
2021-09-11 17:00:00	2021-09-11 09:00:00							0.853081	5.634630	5.698843	188.609184	7.649103	47.094162	70.878105	9.972415	12.491547	8.521557	84725.554688	21.532831	0.000078													40.761557	1.522177
2021-09-11 17:30:00	2021-09-11 09:30:00																																	
2021-09-11 18:00:00	2021-09-11 10:00:00							2.339889	5.624609	6.091905	202.587761	7.322931	47.094162	70.878105	8.526905	12.003122	8.507454	84736.570312	22.720453	0.000079													37.081348	1.737992
2021-09-11 18:30:00	2021-09-11 10:30:00																																	
2021-09-11 19:00:00	2021-09-11 11:00:00							3.161393	5.330804	6.197731	210.669743	7.479822	47.094162	70.878105	7.607914	11.523364	8.489645	84712.718750	23.766718	0.000079													35.187378	1.907041
2021-09-11 19:30:00	2021-09-11 11:30:00																																	
2021-09-11 20:00:00	2021-09-11 12:00:00							4.213988	4.593435	6.233565	222.533073	7.245935	47.094162	70.878105	7.029666	11.065477	8.469686	84693.085938	24.491052	0.000079													33.156594	2.054101
2021-09-11 20:30:00	2021-09-11 12:30:00																																	
2021-09-11 21:00:00	2021-09-11 13:00:00							3.876207	4.197134	5.713223	222.723614	7.077203	47.094162	70.878105	6.706463	10.642777	8.449253	84680.148438	24.933588	0.000079													31.920647	2.148086
2021-09-11 21:30:00	2021-09-11 13:30:00	0.000000	983.610000	0.000000	0.000000	10929.000000	0.000000																											
2021-09-11 22:00:00	2021-09-11 14:00:00							3.752315	4.267152	5.682293	221.326748	7.130914	47.094162	70.878105	6.494368	10.249121	8.428034	84674.437500	24.815118	0.000079													32.265594	2.122159
2021-09-11 22:30:00	2021-09-11 14:30:00																																	
2021-09-11 23:00:00	2021-09-11 15:00:00							3.833198	4.429500	5.857805	220.872242	7.278741	47.094162	70.878105	6.465763	9.904986	8.408539	84638.960938	24.415216	0.000079													33.382291	2.037900
2021-09-11 23:30:00	2021-09-11 15:30:00																																	
2021-09-12 00:00:00	2021-09-11 16:00:00							4.409531	3.414757	5.577143	232.245667	7.331476	46.495728	70.497276	6.637791	9.625565	8.392882	84627.976562	23.762720	0.000079													34.840316	1.916792
2021-09-12 00:30:00	2021-09-11 16:30:00																																	
2021-09-12 01:00:00	2021-09-11 17:00:00							3.832757	3.318355	5.069665	229.114376	7.448480	46.495728	70.497276	6.882576	9.400034	8.380490	84624.601562	22.529321	0.000000													37.837541	1.697311
2021-09-12 01:30:00	2021-09-11 17:30:00																																	
2021-09-12 02:00:00	2021-09-11 18:00:00							2.094496	1.526053	2.591477	233.922867	7.919000	46.495728	70.497276	7.503029	9.284795	8.377975	84653.156250	20.802057	0.000000													43.422737	1.390062
2021-09-12 02:30:00	2021-09-11 18:30:00																																	
2021-09-12 03:00:00	2021-09-11 19:00:00							0.521145	-0.143504	0.540541	285.395563	10.659113	46.495728	70.497276	8.386036	9.283379	8.386701	84655.437500	18.992578	0.000000													58.426395	0.913113
2021-09-12 03:30:00	2021-09-11 19:30:00																																	
2021-09-12 04:00:00	2021-09-11 20:00:00							-0.497589	-0.335172	0.599946	56.036163	10.377222	46.495728	70.497276	9.417020	9.388524	8.406886	84660.210938	17.888177	0.000000													61.446035	0.790172
2021-09-12 04:30:00	2021-09-11 20:30:00																																	
2021-09-12 05:00:00	2021-09-11 21:00:00							-1.701151	0.672551	1.829273	111.571426	9.145074	46.495728	70.497276	9.906820	9.479536	8.426371	84666.554688	17.092096	0.000000													59.482845	0.789707
2021-09-12 05:30:00	2021-09-11 21:30:00																																	
2021-09-12 06:00:00	2021-09-11 22:00:00							-1.478082	0.977424	1.772028	123.475830	9.175378	46.495728	70.497276	10.191049	9.569430	8.446435	84659.781250	15.670770	0.000000													65.251251	0.618667
2021-09-12 06:30:00	2021-09-11 22:30:00																																	
2021-09-12 07:00:00	2021-09-11 23:00:00							-2.130960	0.747535	2.258273	109.330734	9.271509	46.495728	70.497276	10.382155	9.660055	8.467262	84635.601562	15.089716	0.000000													68.171313	0.545932
2021-09-12 07:30:00	2021-09-11 23:30:00																																	
2021-09-12 08:00:00	2021-09-12 00:00:00							-2.230515	0.398088	2.265761	100.119247	9.315302	46.495728	70.497276	10.524323	9.750915	8.488798	84605.468750	14.567804	0.000000													70.712473	0.485725
2021-09-12 08:30:00	2021-09-12 00:30:00																																	
2021-09-12 09:00:00	2021-09-12 01:00:00							-2.228220	0.361991	2.257433	99.227524	9.132990	46.495728	70.497276	10.598241	9.834083	8.510178	84612.218750	14.265375	0.000000													71.228223	0.467928
2021-09-12 09:30:00	2021-09-12 01:30:00	0.630000	983.700000	0.360000	7.000000	10930.000000	4.000000																											
2021-09-12 10:00:00	2021-09-12 02:00:00							-2.843953	0.915528	2.987685	107.844467	9.024896	46.495728	70.497276	10.641420	9.910865	8.531470	84563.406250	13.820856	0.000000													72.779061	0.430122
2021-09-12 10:30:00	2021-09-12 02:30:00																																	
2021-09-12 11:00:00	2021-09-12 03:00:00							-2.012948	1.412843	2.459285	125.064163	8.985284	46.495728	70.497276	10.693731	9.986263	8.553157	84572.960938	13.433405	0.000000													74.438291	0.393846
2021-09-12 11:30:00	2021-09-12 03:30:00																																	
2021-09-12 12:00:00	2021-09-12 04:00:00							-1.983655	1.818961	2.691376	132.520035	8.969110	46.495728	70.497276	10.564455	10.026789	8.571588	84535.898438	13.006219	0.000000													76.460353	0.352713
2021-09-12 12:30:00	2021-09-12 04:30:00																																	
2021-09-12 13:00:00	2021-09-12 05:00:00							-1.659834	1.433358	2.193072	130.812424	8.937006	46.495728	70.497276	10.572819	10.076838	8.591265	84539.195312	12.619257	0.000000													78.253478	0.317689
2021-09-12 13:30:00	2021-09-12 05:30:00																																	
2021-09-12 14:00:00	2021-09-12 06:00:00							-1.519174	2.064021	2.562825	143.645950	8.950189	46.495728	70.497276	10.772043	10.157586	8.614571	84552.445312	12.299554	0.000000													79.985697	0.286307
2021-09-12 14:30:00	2021-09-12 06:30:00																																	
2021-09-12 15:00:00	2021-09-12 07:00:00							-0.724387	1.693256	1.841698	156.838417	10.308405	46.495728	70.497276	10.218278	10.113070	8.624852	84582.945312	14.843805	0.000000													74.251735	0.434701
2021-09-12 15:30:00	2021-09-12 07:30:00																																	
2021-09-12 16:00:00	2021-09-12 08:00:00							0.498276	2.822541	2.866185	190.011536	8.027216	46.495728	70.497276	9.151276	9.929908	8.619558	84573.101562	20.122034	0.000000													45.617880	1.281245
2021-09-12 16:30:00	2021-09-12 08:30:00																																	
2021-09-12 17:00:00	2021-09-12 09:00:00							2.032865	4.263615	4.723447	205.491524	6.101465	46.495728	70.497276	7.723600	9.601831	8.596803	84591.625000	22.438287	0.000000													34.680029	1.773693
2021-09-12 17:30:00	2021-09-12 09:30:00																																	
2021-09-12 18:00:00	2021-09-12 10:00:00							2.660108	4.226781	4.994182	212.184097	3.716608	46.495728	70.497276	6.402079	9.193654	8.562369	84618.132812	24.052454	0.000000													26.631974	2.196143
2021-09-12 18:30:00	2021-09-12 10:30:00																																	
2021-09-12 19:00:00	2021-09-12 11:00:00							4.448903	4.683530	6.459736	223.528301	2.436823	46.495728	70.497276	5.415092	8.763426	8.521884	84598.296875	25.017206	0.000000													22.958117	2.443018
2021-09-12 19:30:00	2021-09-12 11:30:00																																	
2021-09-12 20:00:00	2021-09-12 12:00:00							4.714752	3.406544	5.816651	234.150803	1.943170	46.495728	70.497276	4.925135	8.372680	8.481865	84586.867188	25.640192	0.000000													21.357082	2.587826
2021-09-12 20:30:00	2021-09-12 12:30:00																																	
2021-09-12 21:00:00	2021-09-12 13:00:00							5.755795	3.548772	6.761876	238.343834	1.833643	46.495728	70.497276	4.797303	8.038363	8.444532	84565.085938	25.851007	0.000000													20.927236	2.634663
2021-09-12 21:30:00	2021-09-12 13:30:00	0.000000	983.700000	0.000000	0.000000	10930.000000	0.000000																											
2021-09-12 22:00:00	2021-09-12 14:00:00							5.296442	2.651474	5.923057	243.406805	1.928217	46.495728	70.497276	4.734113	7.734359	8.407579	84571.757812	25.712915	0.000000													21.242484	2.602789
2021-09-12 22:30:00	2021-09-12 14:30:00																																	
2021-09-12 23:00:00	2021-09-12 15:00:00							5.796910	2.349539	6.254958	247.936852	1.997125	46.495728	70.497276	4.697078	7.456816	8.370882	84538.945312	25.187006	0.000000													22.024489	2.497739
2021-09-12 23:30:00	2021-09-12 15:30:00																																	
2021-09-13 00:00:00	2021-09-12 16:00:00							5.743220	1.610542	5.964765	254.335182	2.065851	45.580872	69.915100	4.825342	7.230835	8.337419	84531.078125	24.347314	0.000000													23.270294	2.337717
2021-09-13 00:30:00	2021-09-12 16:30:00																																	
2021-09-13 01:00:00	2021-09-12 17:00:00							4.357839	0.666711	4.408545	261.301696	2.394434	45.580872	69.915100	5.080548	7.059753	8.308025	84528.039062	23.098871	0.000000													25.680743	2.100472
2021-09-13 01:30:00	2021-09-12 17:30:00																																	
2021-09-13 02:00:00	2021-09-12 18:00:00							2.796615	-0.164823	2.801468	273.372916	3.510767	45.580872	69.915100	5.530815	6.962376	8.285238	84540.914062	21.208185	0.000000													31.190269	1.733308
2021-09-13 02:30:00	2021-09-12 18:30:00																																	
2021-09-13 03:00:00	2021-09-12 19:00:00							1.885529	-0.009579	1.885553	270.291089	4.695917	45.580872	69.915100	6.176189	6.949669	8.270907	84532.203125	19.834528	0.000000													36.897414	1.460469
2021-09-13 03:30:00	2021-09-12 19:30:00																																	
2021-09-13 04:00:00	2021-09-12 20:00:00							-0.111806	-0.191763	0.221977	30.244080	5.610712	45.580872	69.915100	6.662221	6.967600	8.259913	84541.226562	18.231378	0.000000													43.462931	1.184004
2021-09-13 04:30:00	2021-09-12 20:30:00																																	
2021-09-13 05:00:00	2021-09-12 21:00:00							-0.497296	0.195783	0.534448	111.489334	5.366327	45.580872	69.915100	7.030721	7.006567	8.251485	84551.585938	16.332361	0.000000													48.182586	0.962378
2021-09-13 05:30:00	2021-09-12 21:30:00																																	
2021-09-13 06:00:00	2021-09-12 22:00:00							-0.954993	0.173615	0.970646	100.303696	5.804132	45.580872	69.915100	7.121746	7.025184	8.241314	84557.164062	14.798303	0.000000													54.802446	0.760823
2021-09-13 06:30:00	2021-09-12 22:30:00																																	
2021-09-13 07:00:00	2021-09-12 23:00:00							-0.998447	1.563393	1.855018	147.436035	6.402948	45.580872	69.915100	7.065579	7.023759	8.229251	84519.289062	14.005212	0.000852													60.127037	0.637627
2021-09-13 07:30:00	2021-09-12 23:30:00																																	
2021-09-13 08:00:00	2021-09-13 00:00:00							-0.957998	1.477203	1.760650	147.035713	6.745233	45.580872	69.915100	6.985498	7.013076	8.216288	84500.445312	13.164484	0.000852													65.025819	0.529496
2021-09-13 08:30:00	2021-09-13 00:30:00																																	
2021-09-13 09:00:00	2021-09-13 01:00:00							-0.999130	1.224273	1.580223	140.782104	7.006830	45.580872	69.915100	6.846761	6.985535	8.201518	84499.304688	12.500665	0.000852													69.147819	0.447216
2021-09-13 09:30:00	2021-09-13 01:30:00	1.440000	984.420000	1.350000	16.000000	10938.000000	15.000000																											
2021-09-13 10:00:00	2021-09-13 02:00:00							-0.939070	1.306165	1.608701	144.285706	7.148553	45.580872	69.915100	6.670109	6.941111	8.184792	84467.937500	11.943994	0.000852													72.429467	0.385269
2021-09-13 10:30:00	2021-09-13 02:30:00																																	
2021-09-13 11:00:00	2021-09-13 03:00:00							-1.014420	1.574189	1.872730	147.201950	7.182611	45.580872	69.915100	6.600553	6.904087	8.168596	84459.687500	11.561792	0.001720													74.455447	0.348057
2021-09-13 11:30:00	2021-09-13 03:30:00																																	
2021-09-13 12:00:00	2021-09-13 04:00:00							-1.163095	0.820156	1.423182	125.189590	7.138544	45.580872	69.915100	6.394969	6.839563	8.149215	84441.851562	11.227106	0.001716													75.895365	0.321234
2021-09-13 12:30:00	2021-09-13 04:30:00																																	
2021-09-13 13:00:00	2021-09-13 05:00:00							-0.776046	1.240694	1.463410	147.974304	7.050592	45.580872	69.915100	6.359172	6.792963	8.131336	84428.554688	10.866449	0.002143													77.268426	0.295762
2021-09-13 13:30:00	2021-09-13 05:30:00																																	
2021-09-13 14:00:00	2021-09-13 06:00:00							-1.063956	0.800346	1.331374	126.951797	6.877405	45.580872	69.915100	6.447429	6.769738	8.115710	84451.757812	10.603967	0.002143													77.701508	0.285098
2021-09-13 14:30:00	2021-09-13 06:30:00																																	
2021-09-13 15:00:00	2021-09-13 07:00:00							-1.666710	0.464071	1.730111	105.559097	7.791742	45.580872	69.915100	6.234728	6.702235	8.095208	84458.031250	13.266931	0.002143													69.393757	0.466477
2021-09-13 15:30:00	2021-09-13 07:30:00																																	
2021-09-13 16:00:00	2021-09-13 08:00:00							-1.077458	0.302762	1.119187	105.695190	3.948907	45.580872	69.915100	5.776201	6.577237	8.068009	84441.773438	19.940546	0.002141													34.783228	1.519348
2021-09-13 16:30:00	2021-09-13 08:30:00																																	
2021-09-13 17:00:00	2021-09-13 09:00:00							1.011107	0.875092	1.337208	229.124496	-2.450934	45.580872	69.915100	5.123175	6.387011	8.032777	84444.414062	23.024500	0.002149													18.128497	2.303539
2021-09-13 17:30:00	2021-09-13 09:30:00																																	
2021-09-13 18:00:00	2021-09-13 10:00:00							1.700707	1.668946	2.382810	225.540043	-3.055670	45.580872	69.915100	4.522707	6.164494	7.992524	84445.789062	24.694604	0.002142													15.675244	2.623012
2021-09-13 18:30:00	2021-09-13 10:30:00																																	
2021-09-13 19:00:00	2021-09-13 11:00:00							3.030102	1.498315	3.380306	243.688677	-3.867926	45.580872	69.915100	4.082327	5.936761	7.949921	84433.164062	25.626886	0.002146													13.953660	2.829211
2021-09-13 19:30:00	2021-09-13 11:30:00																																	
2021-09-13 20:00:00	2021-09-13 12:00:00							4.296050	2.206007	4.829339	242.819653	-3.045721	45.580872	69.915100	3.886930	5.734067	7.908221	84396.851562	26.331110	0.002146													14.235315	2.939840
2021-09-13 20:30:00	2021-09-13 12:30:00																																	
2021-09-13 21:00:00	2021-09-13 13:00:00							5.344372	1.325514	5.506297	256.070548	-2.162939	45.580872	69.915100	3.763781	5.545076	7.866431	84385.335938	26.675836	0.002136													14.896195	2.977011
2021-09-13 21:30:00	2021-09-13 13:30:00	0.000000	984.600000	0.180000	0.000000	10940.000000	2.000000																											
2021-09-13 22:00:00	2021-09-13 14:00:00							5.072362	1.857468	5.401763	249.887577	-1.251440	45.580872	69.915100	3.791493	5.389269	7.826798	84384.523438	26.606836	0.002152													15.998040	2.926564
2021-09-13 22:30:00	2021-09-13 14:30:00																																	
2021-09-13 23:00:00	2021-09-13 15:00:00							4.578644	1.070809	4.702192	256.836801	-0.478125	45.580872	69.915100	3.854877	5.256471	7.788525	84347.945312	26.183466	0.002152													17.358990	2.808198
2021-09-13 23:30:00	2021-09-13 15:30:00																																	
2021-09-14 00:00:00	2021-09-13 16:00:00							4.067188	1.067902	4.205049	255.288197	0.223138	44.141361	68.999046	3.997637	5.155715	7.752801	84352.195312	25.468774	0.002152													19.058351	2.636524
2021-09-14 00:30:00	2021-09-13 16:30:00																																	
2021-09-14 01:00:00	2021-09-13 17:00:00							3.808277	0.410446	3.830331	263.848565	1.096063	44.141361	68.999046	4.273343	5.100948	7.721429	84344.570312	24.187585	0.000000													21.913388	2.356404
2021-09-14 01:30:00	2021-09-13 17:30:00																																	
2021-09-14 02:00:00	2021-09-13 18:00:00							2.271857	-0.336138	2.296589	278.416262	2.722314	44.141361	68.999046	4.832942	5.127277	7.698623	84358.726562	22.113489	0.000000													27.907020	1.919314
2021-09-14 02:30:00	2021-09-13 18:30:00																																	
2021-09-14 03:00:00	2021-09-13 19:00:00							0.727265	-0.237386	0.765027	288.077137	8.719751	44.141361	68.999046	5.679936	5.253639	7.687150	84374.085938	20.130548	0.000000													47.789065	1.230739
2021-09-14 03:30:00	2021-09-13 19:30:00																																	
2021-09-14 04:00:00	2021-09-13 20:00:00							-0.551547	-0.610203	0.822528	42.109665	5.230524	44.141361	68.999046	6.397861	5.421753	7.681556	84393.617188	19.227991	0.000000													39.771651	1.342396
2021-09-14 04:30:00	2021-09-13 20:30:00																																	
2021-09-14 05:00:00	2021-09-13 21:00:00							-1.547677	-0.848078	1.764805	61.278656	4.952570	44.141361	68.999046	6.835525	5.588900	7.677557	84440.773438	17.487482	0.000000													43.506004	1.128980
2021-09-14 05:30:00	2021-09-13 21:30:00																																	
2021-09-14 06:00:00	2021-09-13 22:00:00							-2.912635	-0.968814	3.069535	71.601593	5.404352	44.141361	68.999046	6.974372	5.726512	7.672031	84453.343750	15.996637	0.000000													49.356010	0.920655
2021-09-14 06:30:00	2021-09-13 22:30:00																																	
2021-09-14 07:00:00	2021-09-13 23:00:00							-2.717737	-0.381390	2.744368	82.011627	6.432245	44.141361	68.999046	7.015999	5.846682	7.666014	84434.867188	15.080835	0.000000													56.203542	0.750777
2021-09-14 07:30:00	2021-09-13 23:30:00																																	
2021-09-14 08:00:00	2021-09-14 00:00:00							-2.509166	-0.695230	2.603701	74.513199	6.743616	44.141361	68.999046	7.063655	5.960849	7.660583	84419.406250	14.318781	0.000000													60.316844	0.647620
2021-09-14 08:30:00	2021-09-14 00:30:00																																	
2021-09-14 09:00:00	2021-09-14 01:00:00							-2.951589	-0.572601	3.006618	79.021118	6.841333	44.141361	68.999046	6.984560	6.046126	7.653189	84433.257812	13.706476	0.000860													63.184797	0.577413
2021-09-14 09:30:00	2021-09-14 01:30:00	1.080000	984.870000	2.520000	12.000000	10943.000000	28.000000																											
2021-09-14 10:00:00	2021-09-14 02:00:00							-3.662661	-0.025072	3.662746	89.607788	6.580286	44.141361	68.999046	6.877169	6.111454	7.644537	84417.210938	13.312799	0.000860													63.671902	0.555345
2021-09-14 10:30:00	2021-09-14 02:30:00																																	
2021-09-14 11:00:00	2021-09-14 03:00:00							-3.844939	-0.005934	3.844943	89.911560	6.056543	44.141361	68.999046	6.767014	6.160692	7.634865	84393.054688	13.160272	0.000852													62.024960	0.574770
2021-09-14 11:30:00	2021-09-14 03:30:00																																	
2021-09-14 12:00:00	2021-09-14 04:00:00							-4.222471	0.695297	4.279334	99.350754	5.481500	44.141361	68.999046	6.732863	6.209263	7.625699	84402.976562	13.026361	0.000852													60.123631	0.598287
2021-09-14 12:30:00	2021-09-14 04:30:00																																	
2021-09-14 13:00:00	2021-09-14 05:00:00							-3.945203	0.479716	3.974261	96.932831	4.951013	44.141361	68.999046	6.658196	6.243050	7.615493	84394.867188	12.913934	0.000852													58.369562	0.620027
2021-09-14 13:30:00	2021-09-14 05:30:00																																	
2021-09-14 14:00:00	2021-09-14 06:00:00							-3.534075	-0.052839	3.534470	89.143402	4.527277	44.141361	68.999046	6.710525	6.289977	7.607143	84419.625000	12.818384	0.000852													57.020396	0.636128
2021-09-14 14:30:00	2021-09-14 06:30:00																																	
2021-09-14 15:00:00	2021-09-14 07:00:00							-3.655134	0.653337	3.713065	100.134308	5.262598	44.141361	68.999046	6.553988	6.299679	7.595298	84441.382812	14.994470	0.000852													52.115342	0.816309
2021-09-14 15:30:00	2021-09-14 07:30:00																																	
2021-09-14 16:00:00	2021-09-14 08:00:00							-2.716366	0.391891	2.744489	98.209442	5.072260	44.141361	68.999046	5.978988	6.218813	7.573838	84421.437500	20.930872	0.000852													35.402109	1.599744
2021-09-14 16:30:00	2021-09-14 08:30:00																																	
2021-09-14 17:00:00	2021-09-14 09:00:00							-1.794598	0.925753	2.019307	117.287201	0.160394	44.141361	68.999046	5.297290	6.074075	7.544870	84451.867188	24.329736	0.000852													20.304572	2.425519
2021-09-14 17:30:00	2021-09-14 09:30:00																																	
2021-09-14 18:00:00	2021-09-14 10:00:00							0.422676	0.691202	0.810194	211.446152	-0.015112	44.141361	68.999046	4.762182	5.907329	7.512380	84472.179688	26.076166	0.000852													18.069294	2.766476
2021-09-14 18:30:00	2021-09-14 10:30:00																																	
2021-09-14 19:00:00	2021-09-14 11:00:00							2.073590	0.934154	2.274296	245.748392	0.042169	44.141361	68.999046	4.475422	5.752170	7.479832	84503.914062	26.659052	0.000852													17.531894	2.881966
2021-09-14 19:30:00	2021-09-14 11:30:00																																	
2021-09-14 20:00:00	2021-09-14 12:00:00							2.986556	0.476240	3.024288	260.939829	0.603998	44.141361	68.999046	4.427312	5.628222	7.449470	84465.171875	27.321710	0.000852													17.565200	2.995011
2021-09-14 20:30:00	2021-09-14 12:30:00																																	
2021-09-14 21:00:00	2021-09-14 13:00:00							3.468014	1.240158	3.683085	250.323006	1.269403	44.141361	68.999046	4.401151	5.515082	7.419363	84455.421875	27.646509	0.000852													18.083150	3.033237
2021-09-14 21:30:00	2021-09-14 13:30:00	0.000000	984.870000	0.180000	0.000000	10943.000000	2.000000																											
2021-09-14 22:00:00	2021-09-14 14:00:00							4.153896	0.537754	4.188560	262.623643	1.892236	44.141361	68.999046	4.376394	5.410050	7.389323	84432.875000	27.558893	0.000852													19.007383	2.983708
2021-09-14 22:30:00	2021-09-14 14:30:00																																	
2021-09-14 23:00:00	2021-09-14 15:00:00							4.087205	0.455062	4.112460	263.646954	2.449091	44.141361	68.999046	4.466448	5.332994	7.361583	84421.429688	27.103082	0.000852													20.313724	2.858314
2021-09-14 23:30:00	2021-09-14 15:30:00																																	
2021-09-15 00:00:00	2021-09-14 16:00:00							4.154775	0.296332	4.165329	265.920383	2.971185	43.648930	68.685684	4.612019	5.281049	7.336083	84414.835938	26.214868	0.000852													22.213140	2.648155
2021-09-15 00:30:00	2021-09-14 16:30:00																																	
2021-09-15 01:00:00	2021-09-14 17:00:00							3.604873	-0.021817	3.604939	270.346747	3.543268	43.648930	68.685684	4.823544	5.258844	7.313551	84413.945312	24.735712	0.000000													25.254072	2.330765
2021-09-15 01:30:00	2021-09-14 17:30:00																																	
2021-09-15 02:00:00	2021-09-14 18:00:00							1.217294	-0.106930	1.221982	275.020093	4.559747	43.648930	68.685684	5.348038	5.314250	7.299441	84441.664062	22.732813	0.000000													30.598966	1.918491
2021-09-15 02:30:00	2021-09-14 18:30:00																																	
2021-09-15 03:00:00	2021-09-14 19:00:00							0.406295	-0.003048	0.406306	270.429817	7.078394	43.648930	68.685684	5.996245	5.434341	7.293027	84466.109375	20.995721	0.000000													40.511733	1.479088
2021-09-15 03:30:00	2021-09-14 19:30:00																																	
2021-09-15 04:00:00	2021-09-14 20:00:00							0.009689	-0.206217	0.206445	357.309975	7.477655	43.648930	68.685684	6.608676	5.595650	7.292324	84483.531250	19.612421	0.000000													45.348357	1.247569
2021-09-15 04:30:00	2021-09-14 20:30:00																																	
2021-09-15 05:00:00	2021-09-14 21:00:00							-0.939019	-0.299409	0.985597	72.314941	6.858423	43.648930	68.685684	7.095076	5.774928	7.295155	84492.695312	18.111627	0.000000													47.733975	1.086360
2021-09-15 05:30:00	2021-09-14 21:30:00																																	
2021-09-15 06:00:00	2021-09-14 22:00:00							-1.443869	-0.094888	1.446983	86.240036	7.576501	43.648930	68.685684	7.379645	5.945490	7.298769	84502.289062	16.454218	0.000000													55.682434	0.829499
2021-09-15 06:30:00	2021-09-14 22:30:00																																	
2021-09-15 07:00:00	2021-09-14 23:00:00							-1.301045	0.026411	1.301313	91.162933	7.294733	43.648930	68.685684	7.516470	6.099667	7.302241	84457.132812	15.610834	0.000426													57.641432	0.751262
2021-09-15 07:30:00	2021-09-14 23:30:00																																	
2021-09-15 08:00:00	2021-09-15 00:00:00							-1.056952	0.118041	1.063523	96.372437	7.729303	43.648930	68.685684	7.726759	6.265543	7.308458	84443.921875	14.895319	0.000860													62.173596	0.640737
2021-09-15 08:30:00	2021-09-15 00:30:00																																	
2021-09-15 09:00:00	2021-09-15 01:00:00							-0.928498	0.513817	1.061186	118.959503	8.003564	43.648930	68.685684	7.893309	6.427530	7.315815	84454.492188	14.393213	0.000860													65.434349	0.566827
2021-09-15 09:30:00	2021-09-15 01:30:00	0.000000	984.870000	0.270000	0.000000	10943.000000	3.000000																											
2021-09-15 10:00:00	2021-09-15 02:00:00							-1.539570	0.317400	1.571947	101.649002	8.016687	43.648930	68.685684	7.934634	6.567317	7.322280	84402.492188	13.984216	0.000860													67.251724	0.522980
2021-09-15 10:30:00	2021-09-15 02:30:00																																	
2021-09-15 11:00:00	2021-09-15 03:00:00							-1.025602	0.421011	1.108652	112.318237	7.767633	43.648930	68.685684	8.010236	6.704407	7.329757	84419.625000	13.705682	0.000860													67.327099	0.512418
2021-09-15 11:30:00	2021-09-15 03:30:00																																	
2021-09-15 12:00:00	2021-09-15 04:00:00							-1.097246	0.504379	1.207620	114.687164	7.497614	43.648930	68.685684	8.006764	6.821667	7.336353	84392.023438	13.405084	0.000860													67.403268	0.501313
2021-09-15 12:30:00	2021-09-15 04:30:00																																	
2021-09-15 13:00:00	2021-09-15 05:00:00							-0.810156	-0.025737	0.810564	88.180450	7.349298	43.648930	68.685684	7.910508	6.911274	7.341033	84389.156250	13.076318	0.000852													68.170297	0.479121
2021-09-15 13:30:00	2021-09-15 05:30:00																																	
2021-09-15 14:00:00	2021-09-15 06:00:00							-1.178704	0.088656	1.182034	94.301407	7.322870	43.648930	68.685684	8.019155	7.021100	7.348737	84403.023438	12.737665	0.000852													69.572422	0.447974
2021-09-15 14:30:00	2021-09-15 06:30:00																																	
2021-09-15 15:00:00	2021-09-15 07:00:00							-0.949633	-0.191577	0.968764	78.594360	8.200922	43.648930	68.685684	7.846390	7.080007	7.351918	84423.828125	15.036462	0.001720													63.622740	0.621816
2021-09-15 15:30:00	2021-09-15 07:30:00																																	
2021-09-15 16:00:00	2021-09-15 08:00:00							-0.931501	-0.226713	0.958694	76.321030	6.142053	43.648930	68.685684	7.185142	7.029798	7.343809	84395.859375	20.506342	0.001723													39.142496	1.468239
2021-09-15 16:30:00	2021-09-15 08:30:00																																	
2021-09-15 17:00:00	2021-09-15 09:00:00							0.779752	1.758965	1.924050	203.907784	2.659601	43.648930	68.685684	6.173260	6.861115	7.322437	84410.929688	23.372308	0.001723													25.742060	2.133674
2021-09-15 17:30:00	2021-09-15 09:30:00																																	
2021-09-15 18:00:00	2021-09-15 10:00:00							2.318553	1.691416	2.869944	233.888737	1.820245	43.648930	68.685684	5.391373	6.657839	7.295871	84414.343750	25.000482	0.001723													21.990030	2.471253
2021-09-15 18:30:00	2021-09-15 10:30:00																																	
2021-09-15 19:00:00	2021-09-15 11:00:00							3.564734	1.917380	4.047676	241.725321	2.133844	43.648930	68.685684	4.856304	6.446892	7.266741	84394.335938	25.779840	0.001723													21.472035	2.605511
2021-09-15 19:30:00	2021-09-15 11:30:00																																	
2021-09-15 20:00:00	2021-09-15 12:00:00							4.865145	1.797968	5.186745	249.717653	1.935999	43.648930	68.685684	4.566998	6.251061	7.237471	84350.007812	26.258234	0.001799													20.580026	2.710679
2021-09-15 20:30:00	2021-09-15 12:30:00																																	
2021-09-15 21:00:00	2021-09-15 13:00:00							5.103218	1.533314	5.328591	253.276566	1.701044	43.648930	68.685684	4.396852	6.068306	7.207988	84323.468750	26.268060	0.001799													20.224627	2.724388
2021-09-15 21:30:00	2021-09-15 13:30:00	0.000000	984.870000	0.270000	0.000000	10943.000000	3.000000																											
2021-09-15 22:00:00	2021-09-15 14:00:00							5.742564	1.555621	5.949537	254.842740	1.397394	43.648930	68.685684	4.353066	5.909506	7.179603	84326.468750	25.742975	0.001799													20.412072	2.634921
2021-09-15 22:30:00	2021-09-15 14:30:00																																	
2021-09-15 23:00:00	2021-09-15 15:00:00							5.051221	2.571290	5.668012	243.021940	1.056268	43.648930	68.685684	4.424584	5.781908	7.153325	84311.664062	24.773096	0.025768													21.098732	2.465834
2021-09-15 23:30:00	2021-09-15 15:30:00																																	
2021-09-16 00:00:00	2021-09-15 16:00:00							5.122454	1.507814	5.339760	253.598009	0.749628	44.145370	69.001595	4.579945	5.687424	7.129647	84309.164062	23.597284	0.025768													22.143424	2.267609
2021-09-16 00:30:00	2021-09-15 16:30:00																																	
2021-09-16 01:00:00	2021-09-15 17:00:00							3.465226	1.396889	3.736187	248.044844	0.945795	44.145370	69.001595	4.861378	5.638260	7.110191	84290.679688	22.175226	0.000000													24.478702	2.018157
2021-09-16 01:30:00	2021-09-15 17:30:00																																	
2021-09-16 02:00:00	2021-09-15 18:00:00							2.453354	0.274553	2.468669	263.614640	1.913110	44.145370	69.001595	5.369981	5.659959	7.098131	84302.375000	20.240533	0.000000													29.547809	1.672060
2021-09-16 02:30:00	2021-09-15 18:30:00																																	
2021-09-16 03:00:00	2021-09-15 19:00:00							1.130923	0.447585	1.216273	248.407824	4.291559	44.145370	69.001595	6.007364	5.748868	7.093692	84307.039062	18.626184	0.000000													38.669336	1.316565
2021-09-16 03:30:00	2021-09-15 19:30:00																																	
2021-09-16 04:00:00	2021-09-15 20:00:00							0.117158	0.821539	0.829851	188.116112	4.856042	44.145370	69.001595	6.480354	5.857607	7.092318	84289.320312	17.294977	0.000000													43.742386	1.110666
2021-09-16 04:30:00	2021-09-15 20:30:00																																	
2021-09-16 05:00:00	2021-09-15 21:00:00							-0.371133	1.151745	1.210065	162.139221	4.664911	44.145370	69.001595	6.789948	5.969728	7.092389	84297.382812	15.608118	0.000000													48.053391	0.921153
2021-09-16 05:30:00	2021-09-15 21:30:00																																	
2021-09-16 06:00:00	2021-09-15 22:00:00							-0.103730	1.696728	1.699896	176.501556	4.682764	44.145370	69.001595	6.813186	6.047972	7.089883	84271.320312	14.425409	0.000000													51.919590	0.790093
2021-09-16 06:30:00	2021-09-15 22:30:00																																	
2021-09-16 07:00:00	2021-09-15 23:00:00							-0.518830	1.291297	1.391630	158.110252	5.281641	44.145370	69.001595	6.856883	6.124943	7.088028	84219.851562	14.072626	0.000858													55.387554	0.716545
2021-09-16 07:30:00	2021-09-15 23:30:00																																	
2021-09-16 08:00:00	2021-09-16 00:00:00							-0.820961	1.456888	1.672274	150.598618	4.990747	44.145370	69.001595	7.015822	6.219718	7.088879	84197.234375	13.459528	0.000858													56.482605	0.671644
2021-09-16 08:30:00	2021-09-16 00:30:00																																	
2021-09-16 09:00:00	2021-09-16 01:00:00							-0.037613	1.915408	1.915778	178.875046	4.709467	44.145370	69.001595	7.072717	6.301862	7.089277	84184.546875	12.933649	0.000858													57.318274	0.636505
2021-09-16 09:30:00	2021-09-16 01:30:00	0.000000	984.870000	0.000000	0.000000	10943.000000	0.000000																											
2021-09-16 10:00:00	2021-09-16 02:00:00							-0.251252	2.121529	2.136355	173.245949	4.394342	44.145370	69.001595	7.038013	6.365187	7.088435	84129.351562	12.480524	0.000858													57.757365	0.611516
2021-09-16 10:30:00	2021-09-16 02:30:00																																	
2021-09-16 11:00:00	2021-09-16 03:00:00							-0.668757	2.188435	2.288337	163.007538	4.031946	44.145370	69.001595	7.079175	6.433360	7.088747	84125.687500	12.162683	0.001719													57.494722	0.602589
2021-09-16 11:30:00	2021-09-16 03:30:00																																	
2021-09-16 12:00:00	2021-09-16 04:00:00							-0.811205	2.094415	2.246025	158.827713	3.697137	44.145370	69.001595	7.117314	6.498549	7.089401	84081.062500	11.853815	0.001710													57.309518	0.593014
2021-09-16 12:30:00	2021-09-16 04:30:00																																	
2021-09-16 13:00:00	2021-09-16 05:00:00							-0.517162	1.820165	1.892209	164.138618	3.412469	44.145370	69.001595	7.122554	6.555356	7.089777	84080.742188	11.510492	0.001713													57.457917	0.577691
2021-09-16 13:30:00	2021-09-16 05:30:00																																	
2021-09-16 14:00:00	2021-09-16 06:00:00							-1.687596	1.803105	2.469649	136.895264	3.092737	44.145370	69.001595	7.503893	6.675416	7.097567	84103.132812	11.284357	0.001723													57.019435	0.574965
2021-09-16 14:30:00	2021-09-16 06:30:00																																	
2021-09-16 15:00:00	2021-09-16 07:00:00							-1.470465	1.367573	2.008115	132.923691	4.529840	44.145370	69.001595	7.653236	6.777174	7.104470	84107.867188	13.207452	0.001723													55.597647	0.674124
2021-09-16 15:30:00	2021-09-16 07:30:00																																	
2021-09-16 16:00:00	2021-09-16 08:00:00							-1.055503	3.042566	3.220449	160.867729	1.068414	44.145370	69.001595	7.367281	6.804630	7.104243	84097.546875	18.185968	0.001723													31.603469	1.428289
2021-09-16 16:30:00	2021-09-16 08:30:00																																	
2021-09-16 17:00:00	2021-09-16 09:00:00							-0.183374	4.707966	4.711535	177.769478	0.208215	44.145370	69.001595	6.519621	6.702371	7.090217	84111.007812	20.395258	0.001723													25.880203	1.775991
2021-09-16 17:30:00	2021-09-16 09:30:00																																	
2021-09-16 18:00:00	2021-09-16 10:00:00							1.312560	3.801497	4.021715	199.048492	0.190790	44.145370	69.001595	5.633665	6.525903	7.067279	84132.523438	21.934778	0.001723													23.518044	2.014105
2021-09-16 18:30:00	2021-09-16 10:30:00																																	
2021-09-16 19:00:00	2021-09-16 11:00:00							2.956842	2.904785	4.144960	225.508835	0.060846	44.145370	69.001595	4.997646	6.330513	7.040783	84146.156250	22.966241	0.001723													21.882108	2.190196
2021-09-16 19:30:00	2021-09-16 11:30:00																																	
2021-09-16 20:00:00	2021-09-16 12:00:00							3.433489	2.337879	4.153856	235.748871	0.292261	44.145370	69.001595	4.752071	6.165844	7.015966	84138.695312	23.741571	0.001723													21.236427	2.314030
2021-09-16 20:30:00	2021-09-16 12:30:00																																	
2021-09-16 21:00:00	2021-09-16 13:00:00							4.335730	3.728789	5.718603	229.304008	0.548883	44.145370	69.001595	4.725323	6.033383	6.993273	84119.398438	24.186060	0.001723													21.065605	2.381769
2021-09-16 21:30:00	2021-09-16 13:30:00	0.000000	984.870000	0.000000	0.000000	10943.000000	0.000000																											
2021-09-16 22:00:00	2021-09-16 14:00:00							4.091291	3.378368	5.305849	230.451942	0.922327	44.145370	69.001595	4.809900	5.930566	6.972720	84113.429688	24.224603	0.001964													21.592418	2.371344
2021-09-16 22:30:00	2021-09-16 14:30:00																																	
2021-09-16 23:00:00	2021-09-16 15:00:00							4.362545	3.168345	5.391680	234.010574	1.537073	44.145370	69.001595	4.971776	5.858624	6.954712	84101.289062	23.669489	0.002303													23.334999	2.242629
2021-09-16 23:30:00	2021-09-16 15:30:00																																	
2021-09-17 00:00:00	2021-09-16 16:00:00							3.445676	2.828670	4.458032	230.616291	2.523767	44.396465	69.161392	5.281113	5.834416	6.941353	84097.687500	22.570154	0.002303													26.761963	2.004685
2021-09-17 00:30:00	2021-09-16 16:30:00																																	
2021-09-17 01:00:00	2021-09-16 17:00:00							3.016625	1.690408	3.457963	240.735304	3.479272	44.396465	69.161392	5.764373	5.871723	6.934560	84105.046875	20.912988	0.000000													31.690088	1.689813
2021-09-17 01:30:00	2021-09-16 17:30:00																																	
2021-09-17 02:00:00	2021-09-16 18:00:00							1.532700	0.193654	1.544885	262.798945	4.518518	44.396465	69.161392	6.484405	5.992042	6.937203	84138.312500	18.956110	0.000000													38.488181	1.347960
2021-09-17 02:30:00	2021-09-16 18:30:00																																	
2021-09-17 03:00:00	2021-09-16 19:00:00							-0.173830	0.182953	0.252366	136.464661	5.917261	44.396465	69.161392	7.419252	6.205288	6.951078	84168.835938	17.623804	0.000000													46.126910	1.085904
2021-09-17 03:30:00	2021-09-16 19:30:00																																	
2021-09-17 04:00:00	2021-09-16 20:00:00							-0.323119	-0.223090	0.392651	55.377777	6.618066	44.396465	69.161392	8.210073	6.457674	6.971152	84189.187500	16.434320	0.000000													52.204632	0.893461
2021-09-17 04:30:00	2021-09-16 20:30:00																																	
2021-09-17 05:00:00	2021-09-16 21:00:00							-1.138797	-0.495172	1.241794	66.499603	6.694086	44.396465	69.161392	8.724145	6.708697	6.993352	84208.882812	15.015192	0.000000													57.469158	0.726008
2021-09-17 05:30:00	2021-09-16 21:30:00																																	
2021-09-17 06:00:00	2021-09-16 22:00:00							-1.970887	0.335454	1.999231	99.659439	7.020776	44.396465	69.161392	8.792830	6.903049	7.011646	84236.312500	14.007623	0.000000													62.729223	0.596107
2021-09-17 06:30:00	2021-09-16 22:30:00																																	
2021-09-17 07:00:00	2021-09-16 23:00:00							-2.289603	-0.309143	2.310379	82.310410	8.251886	44.396465	69.161392	8.737040	7.063579	7.027996	84232.382812	13.353540	0.000000													71.199034	0.441450
2021-09-17 07:30:00	2021-09-16 23:30:00																																	
2021-09-17 08:00:00	2021-09-17 00:00:00							-1.658466	0.458727	1.720738	105.461319	8.426324	44.396465	69.161392	8.779053	7.222241	7.045554	84233.359375	12.815271	0.000000													74.627829	0.375449
2021-09-17 08:30:00	2021-09-17 00:30:00																																	
2021-09-17 09:00:00	2021-09-17 01:00:00							-1.793805	0.660935	1.911693	110.226547	8.343195	44.396465	69.161392	8.949899	7.393634	7.065875	84278.343750	12.339868	0.000000													76.559830	0.336204
2021-09-17 09:30:00	2021-09-17 01:30:00	0.000000	984.870000	0.000000	0.000000	10943.000000	0.000000																											
2021-09-17 10:00:00	2021-09-17 02:00:00							-1.763228	-0.013660	1.763281	89.556107	8.295465	44.396465	69.161392	9.015779	7.546026	7.085615	84234.812500	11.769647	0.000000													79.234662	0.286853
2021-09-17 10:30:00	2021-09-17 02:30:00																																	
2021-09-17 11:00:00	2021-09-17 03:00:00							-1.911229	0.473047	1.968901	103.901855	8.340387	44.396465	69.161392	8.995214	7.674997	7.104113	84245.437500	11.381189	0.000000													81.546032	0.248455
2021-09-17 11:30:00	2021-09-17 03:30:00																																	
2021-09-17 12:00:00	2021-09-17 04:00:00							-1.875937	0.673152	1.993057	109.739777	8.280298	44.396465	69.161392	9.021215	7.798877	7.123141	84234.007812	11.164728	0.000860													82.388219	0.233736
2021-09-17 12:30:00	2021-09-17 04:30:00																																	
2021-09-17 13:00:00	2021-09-17 05:00:00							-1.731790	0.509186	1.805094	106.384567	8.127496	44.396465	69.161392	8.893332	7.886137	7.139223	84309.109375	10.982568	0.000860													82.529356	0.229074
2021-09-17 13:30:00	2021-09-17 05:30:00																																	
2021-09-17 14:00:00	2021-09-17 06:00:00							-1.438163	0.479381	1.515955	108.434708	7.939325	44.396465	69.161392	8.713398	7.944575	7.152875	84345.125000	10.848749	0.000852													82.207203	0.231231
2021-09-17 14:30:00	2021-09-17 06:30:00																																	
2021-09-17 15:00:00	2021-09-17 07:00:00							-1.591031	1.253545	2.025526	128.233948	8.394159	44.396465	69.161392	8.519257	7.978927	7.164355	84390.804688	13.318933	0.000852													72.052955	0.427396
2021-09-17 15:30:00	2021-09-17 07:30:00																																	
2021-09-17 16:00:00	2021-09-17 08:00:00							-1.459130	1.747918	2.276901	140.145493	5.496576	44.396465	69.161392	7.822895	7.901970	7.163984	84397.640625	18.190973	0.000857													43.229099	1.185889
2021-09-17 16:30:00	2021-09-17 08:30:00																																	
2021-09-17 17:00:00	2021-09-17 09:00:00							-0.446539	2.213384	2.257978	168.593964	3.661005	44.396465	69.161392	6.743803	7.699990	7.149301	84427.429688	20.748834	0.000857													32.425236	1.654835
2021-09-17 17:30:00	2021-09-17 09:30:00																																	
2021-09-17 18:00:00	2021-09-17 10:00:00							1.589712	2.873558	3.283979	208.952278	3.234277	44.396465	69.161392	5.757793	7.435632	7.126019	84452.710938	22.406671	0.000857													28.428308	1.939722
2021-09-17 18:30:00	2021-09-17 10:30:00																																	
2021-09-17 19:00:00	2021-09-17 11:00:00							3.206102	2.643916	4.155644	230.489262	1.989404	44.396465	69.161392	5.081737	7.162091	7.099380	84447.835938	23.265741	0.000847													24.698012	2.149806
2021-09-17 19:30:00	2021-09-17 11:30:00																																	
2021-09-17 20:00:00	2021-09-17 12:00:00							4.252420	3.536157	5.530595	230.254337	2.294031	44.396465	69.161392	4.800122	6.923434	7.074107	84468.171875	23.758844	0.000847													24.502860	2.220369
2021-09-17 20:30:00	2021-09-17 12:30:00																																	
2021-09-17 21:00:00	2021-09-17 13:00:00							4.922310	2.516935	5.528481	242.917883	2.818964	44.396465	69.161392	4.721339	6.717522	7.050296	84466.117188	23.878992	0.000852													25.253416	2.214228
2021-09-17 21:30:00	2021-09-17 13:30:00	0.000000	984.870000	0.000000	0.000000	10943.000000	0.000000																											
2021-09-17 22:00:00	2021-09-17 14:00:00							5.295373	4.491751	6.943832	229.694038	3.382074	44.396465	69.161392	4.790656	6.549827	7.028848	84468.695312	23.601251	0.000860													26.724921	2.134681
2021-09-17 22:30:00	2021-09-17 14:30:00																																	
2021-09-17 23:00:00	2021-09-17 15:00:00							5.489392	4.139933	6.875497	232.977512	3.819269	44.396465	69.161392	4.980770	6.425342	7.010654	84459.742188	22.981256	0.000860													28.613723	2.003280
2021-09-17 23:30:00	2021-09-17 15:30:00																																	
2021-09-18 00:00:00	2021-09-17 16:00:00							4.674852	4.825135	6.718346	224.093704	4.177301	46.381729	70.424736	5.031052	6.304008	6.991761	84435.820312	22.001245	0.000860													31.143151	1.820666
2021-09-18 00:30:00	2021-09-17 16:30:00																																	
2021-09-18 01:00:00	2021-09-17 17:00:00							3.145633	4.371520	5.385647	215.737820	4.902795	46.381729	70.424736	5.289986	6.235842	6.977632	84427.273438	20.491693	0.000000													35.944552	1.543997
2021-09-18 01:30:00	2021-09-17 17:30:00																																	
2021-09-18 02:00:00	2021-09-17 18:00:00							2.768188	3.281202	4.292919	220.152672	6.008173	46.381729	70.424736	5.999858	6.278628	6.975009	84470.187500	18.370050	0.000000													44.290483	1.176866
2021-09-18 02:30:00	2021-09-17 18:30:00																																	
2021-09-18 03:00:00	2021-09-17 19:00:00							2.060059	2.443311	3.195874	220.135654	6.865228	46.381729	70.424736	7.012389	6.436285	6.985291	84505.156250	16.568384	0.000000													52.649121	0.892734
2021-09-18 03:30:00	2021-09-17 19:30:00																																	
2021-09-18 04:00:00	2021-09-17 20:00:00							0.752363	4.165303	4.232706	190.238724	8.654413	46.381729	70.424736	7.789414	6.628595	7.000775	84521.101562	15.306146	0.000000													64.483594	0.617719
2021-09-18 04:30:00	2021-09-17 20:30:00																																	
2021-09-18 05:00:00	2021-09-17 21:00:00							1.124065	4.874970	5.002885	192.984261	8.270929	46.381729	70.424736	8.142227	6.797096	7.015408	84540.875000	14.372552	0.000000													66.724564	0.544940
2021-09-18 05:30:00	2021-09-17 21:30:00																																	
2021-09-18 06:00:00	2021-09-17 22:00:00							0.516097	4.795294	4.822987	186.142860	7.882440	46.381729	70.424736	8.214601	6.931598	7.027859	84531.710938	13.481226	0.000000													68.855243	0.481366
2021-09-18 06:30:00	2021-09-17 22:30:00																																	
2021-09-18 07:00:00	2021-09-17 23:00:00							1.255206	3.970731	4.164402	197.542519	6.587061	46.381729	70.424736	8.372286	7.075897	7.042569	84507.429688	13.315698	0.000000													63.689581	0.555180
2021-09-18 07:30:00	2021-09-17 23:30:00																																	
2021-09-18 08:00:00	2021-09-18 00:00:00							1.230802	3.391757	3.608170	199.944847	6.072687	46.381729	70.424736	8.630354	7.239528	7.060644	84497.070312	12.731622	0.000000													63.860795	0.531853
2021-09-18 08:30:00	2021-09-18 00:30:00																																	
2021-09-18 09:00:00	2021-09-18 01:00:00							1.655505	3.646007	4.004256	204.420883	5.830194	46.381729	70.424736	8.894665	7.412813	7.081192	84493.875000	12.320184	0.000000													64.516864	0.508279
2021-09-18 09:30:00	2021-09-18 01:30:00	0.000000	984.870000	0.450000	0.000000	10943.000000	5.000000																											
2021-09-18 10:00:00	2021-09-18 02:00:00							1.408161	3.778740	4.032591	200.438095	5.756708	46.381729	70.424736	8.988439	7.563523	7.100787	84443.687500	11.842920	0.000000													66.239729	0.468627
2021-09-18 10:30:00	2021-09-18 02:30:00																																	
2021-09-18 11:00:00	2021-09-18 03:00:00							1.696787	4.928154	5.212081	198.998825	5.776666	46.381729	70.424736	9.020864	7.698015	7.119907	84458.898438	11.392877	0.000000													68.335652	0.426643
2021-09-18 11:30:00	2021-09-18 03:30:00																																	
2021-09-18 12:00:00	2021-09-18 04:00:00							1.082086	4.000710	4.144464	195.134857	5.816522	46.381729	70.424736	9.149841	7.840726	7.141047	84441.835938	10.963129	0.000000													70.507618	0.386203
2021-09-18 12:30:00	2021-09-18 04:30:00																																	
2021-09-18 13:00:00	2021-09-18 05:00:00							2.649882	5.272662	5.901088	206.682743	5.866754	46.381729	70.424736	9.146961	7.958390	7.160663	84439.523438	10.557611	0.000000													72.690485	0.348089
2021-09-18 13:30:00	2021-09-18 05:30:00																																	
2021-09-18 14:00:00	2021-09-18 06:00:00							1.479265	3.622502	3.912894	202.212875	5.834955	46.381729	70.424736	9.379309	8.107644	7.184664	84489.976562	10.341425	0.000000													73.584947	0.331863
2021-09-18 14:30:00	2021-09-18 06:30:00																																	
2021-09-18 15:00:00	2021-09-18 07:00:00							3.097337	6.271757	6.994886	206.282684	6.423639	46.381729	70.424736	9.078178	8.168075	7.200257	84503.351562	11.862238	0.000000													69.279141	0.426981
2021-09-18 15:30:00	2021-09-18 07:30:00																																	
2021-09-18 16:00:00	2021-09-18 08:00:00							2.176126	6.251949	6.619848	199.191559	4.690973	46.381729	70.424736	8.013993	8.058084	7.197804	84539.476562	15.124872	0.000089													49.657942	0.865433
2021-09-18 16:30:00	2021-09-18 08:30:00																																	
2021-09-18 17:00:00	2021-09-18 09:00:00							4.702109	8.234972	9.482858	209.726055	2.901300	46.381729	70.424736	7.231690	7.912851	7.190475	84561.367188	16.688013	0.000233													39.609181	1.147273
2021-09-18 17:30:00	2021-09-18 09:30:00																																	
2021-09-18 18:00:00	2021-09-18 10:00:00							4.198599	7.383046	8.493386	209.626076	1.682977	46.381729	70.424736	6.692539	7.754007	7.180318	84579.367188	17.949579	0.000233													33.526441	1.367663
2021-09-18 18:30:00	2021-09-18 10:30:00																																	
2021-09-18 19:00:00	2021-09-18 11:00:00							4.784994	7.221933	8.663283	213.527031	1.427118	46.381729	70.424736	6.324073	7.591650	7.168325	84555.835938	18.858148	0.000233													31.093781	1.500793
2021-09-18 19:30:00	2021-09-18 11:30:00																																	
2021-09-18 20:00:00	2021-09-18 12:00:00							3.940920	9.092572	9.909880	203.432968	1.689508	46.381729	70.424736	6.219701	7.458371	7.158014	84553.289062	19.285059	0.000233													30.853085	1.546662
2021-09-18 20:30:00	2021-09-18 12:30:00																																	
2021-09-18 21:00:00	2021-09-18 13:00:00							4.977973	7.542409	9.037043	213.424721	2.080927	46.381729	70.424736	6.221618	7.346894	7.148863	84538.773438	19.410760	0.000233													31.483226	1.544600
2021-09-18 21:30:00	2021-09-18 13:30:00	0.000000	984.870000	0.180000	0.000000	10943.000000	2.000000																											
2021-09-18 22:00:00	2021-09-18 14:00:00							6.468484	7.251283	9.717118	221.734459	2.550256	46.381729	70.424736	6.298992	7.259276	7.141298	84538.085938	19.151758	0.000233													33.084912	1.484367
2021-09-18 22:30:00	2021-09-18 14:30:00																																	
2021-09-18 23:00:00	2021-09-18 15:00:00							5.201701	7.786190	9.363891	213.745605	3.131708	46.381729	70.424736	6.486261	7.206399	7.136718	84513.851562	18.503809	0.000233													35.904993	1.365407
2021-09-18 23:30:00	2021-09-18 15:30:00																																	
2021-09-19 00:00:00	2021-09-18 16:00:00							4.556060	6.639748	8.052573	214.457127	3.829736	48.872337	72.009674	6.888403	7.213997	7.138224	84486.398438	17.442133	0.000233													40.325650	1.189127
2021-09-19 00:30:00	2021-09-18 16:30:00																																	
2021-09-19 01:00:00	2021-09-18 17:00:00							6.291511	7.261136	9.607663	220.907745	4.849603	48.872337	72.009674	7.715858	7.334011	7.151984	84492.992188	15.963220	0.000000													47.584682	0.950824
2021-09-19 01:30:00	2021-09-18 17:30:00																																	
2021-09-19 02:00:00	2021-09-18 18:00:00							4.343455	5.293771	6.847599	219.368336	6.280328	48.872337	72.009674	8.940995	7.589695	7.181500	84499.054688	13.893335	0.000000													60.054791	0.634159
2021-09-19 02:30:00	2021-09-18 18:30:00																																	
2021-09-19 03:00:00	2021-09-18 19:00:00							3.477036	3.476448	4.916856	225.004848	7.308893	48.872337	72.009674	11.016516	8.086445	7.239381	84536.343750	12.354425	0.000001													71.276828	0.412373
2021-09-19 03:30:00	2021-09-18 19:30:00																																	
2021-09-19 04:00:00	2021-09-18 20:00:00							4.103332	4.274096	5.924967	223.832256	7.687433	48.872337	72.009674	12.569882	8.631442	7.306791	84525.085938	11.534753	0.000003													77.210189	0.309967
2021-09-19 04:30:00	2021-09-18 20:30:00																																	
2021-09-19 05:00:00	2021-09-18 21:00:00							4.129298	3.837895	5.637423	227.094681	7.626093	48.872337	72.009674	13.072789	9.077801	7.368179	84534.539062	11.216364	0.000009													78.526961	0.285959
2021-09-19 05:30:00	2021-09-18 21:30:00																																	
2021-09-19 06:00:00	2021-09-18 22:00:00							3.686628	4.041473	5.470350	222.371048	7.128717	48.872337	72.009674	12.708774	9.372731	7.416911	84531.632812	10.908807	0.000434													77.465126	0.294030
2021-09-19 06:30:00	2021-09-18 22:30:00																																	
2021-09-19 07:00:00	2021-09-18 23:00:00							2.590852	2.977178	3.946657	221.031021	6.092676	48.872337	72.009674	12.095805	9.563221	7.456726	84499.226562	11.082330	0.000741													71.302004	0.378789
2021-09-19 07:30:00	2021-09-18 23:30:00																																	
2021-09-19 08:00:00	2021-09-19 00:00:00							4.176242	3.758263	5.618321	228.015480	6.146173	48.872337	72.009674	12.348847	9.837546	7.507110	84487.828125	11.122430	0.001442													71.375965	0.378821
2021-09-19 08:30:00	2021-09-19 00:30:00																																	
2021-09-19 09:00:00	2021-09-19 01:00:00							3.961412	4.028560	5.649963	224.518501	6.290338	48.872337	72.009674	16.185501	10.757011	7.629665	84449.570312	11.140436	0.091872													72.004495	0.370946
2021-09-19 09:30:00	2021-09-19 01:30:00	0.000000	984.870000	0.180000	0.000000	10943.000000	2.000000																											
2021-09-19 10:00:00	2021-09-19 02:00:00							6.340561	4.968638	8.055438	231.916775	6.817010	48.872337	72.009674	23.225311	12.518199	7.851326	84423.031250	10.837457	0.369735													76.185182	0.309259
2021-09-19 10:30:00	2021-09-19 02:30:00																																	
2021-09-19 11:00:00	2021-09-19 03:00:00							5.644902	5.334296	7.766571	226.620491	7.535394	48.872337	72.009674	29.706591	14.655080	8.128814	84417.312500	10.309747	0.895504													82.899025	0.214392
2021-09-19 11:30:00	2021-09-19 03:30:00																																	
2021-09-19 12:00:00	2021-09-19 04:00:00							5.402026	4.031141	6.740325	233.268681	8.359583	48.872337	72.009674	31.263588	16.295023	8.370607	84409.398438	9.664911	1.618510													91.560148	0.101334
2021-09-19 12:30:00	2021-09-19 04:30:00																																	
2021-09-19 13:00:00	2021-09-19 05:00:00							6.427734	4.010061	7.576038	238.041260	8.818903	48.872337	72.009674	27.530725	16.972336	8.521674	84434.210938	9.363245	2.824669													96.392074	0.042449
2021-09-19 13:30:00	2021-09-19 05:30:00																																	
2021-09-19 14:00:00	2021-09-19 06:00:00							6.040745	5.237906	7.995390	229.071571	9.029901	48.872337	72.009674	25.461185	17.551840	8.667286	84447.921875	9.469293	3.564044													97.081113	0.034588
2021-09-19 14:30:00	2021-09-19 06:30:00																																	
2021-09-19 15:00:00	2021-09-19 07:00:00							4.600911	4.516097	6.446977	225.532997	9.172357	48.872337	72.009674	23.986801	17.999659	8.802862	84486.421875	9.635980	3.854412													96.926443	0.036831
2021-09-19 15:30:00	2021-09-19 07:30:00																																	
2021-09-19 16:00:00	2021-09-19 08:00:00							6.132065	5.492453	8.232209	228.149395	8.637415	48.872337	72.009674	22.299562	18.235512	8.918504	84500.484375	9.903101	3.966848													91.822081	0.099772
2021-09-19 16:30:00	2021-09-19 08:30:00																																	
2021-09-19 17:00:00	2021-09-19 09:00:00							3.147719	4.130839	5.193454	217.307571	8.197626	48.872337	72.009674	19.727943	18.138069	8.999169	84520.117188	11.144098	4.008951													82.038809	0.238047
2021-09-19 17:30:00	2021-09-19 09:30:00																																	
2021-09-19 18:00:00	2021-09-19 10:00:00							5.592255	3.559388	6.628918	237.523853	5.806268	48.872337	72.009674	16.461943	17.691883	9.040264	84556.085938	13.194971	4.027117													60.820907	0.594339
2021-09-19 18:30:00	2021-09-19 10:30:00																																	
2021-09-19 19:00:00	2021-09-19 11:00:00							5.186752	3.438570	6.223035	236.457512	3.171381	48.872337	72.009674	13.849395	17.109123	9.061771	84561.765625	15.257227	4.027715													44.240147	0.966761
2021-09-19 19:30:00	2021-09-19 11:30:00																																	
2021-09-19 20:00:00	2021-09-19 12:00:00							4.626844	3.864988	6.028749	230.126640	2.255853	48.872337	72.009674	11.988738	16.478880	9.072212	84564.031250	16.469537	4.027715													38.358754	1.154874
2021-09-19 20:30:00	2021-09-19 12:30:00																																	
2021-09-19 21:00:00	2021-09-19 13:00:00							4.509674	3.579358	5.757514	231.560734	1.761041	48.872337	72.009674	10.467533	15.798851	9.070978	84560.148438	17.443781	4.027715													34.806797	1.299236
2021-09-19 21:30:00	2021-09-19 13:30:00	0.000000	984.870000	0.090000	0.000000	10943.000000	1.000000																											
2021-09-19 22:00:00	2021-09-19 14:00:00							4.385181	2.464886	5.030455	240.659903	1.641656	48.872337	72.009674	9.464258	15.136400	9.065004	84516.632812	18.018884	4.027715													33.281799	1.378692
2021-09-19 22:30:00	2021-09-19 14:30:00																																	
2021-09-19 23:00:00	2021-09-19 15:00:00							4.435092	2.111370	4.912018	244.542753	1.673425	48.872337	72.009674	8.952668	14.531961	9.058894	84482.359375	18.190790	4.027715													32.999447	1.399561
2021-09-19 23:30:00	2021-09-19 15:30:00																																	
2021-09-20 00:00:00	2021-09-19 16:00:00							3.468756	0.160331	3.472460	267.353587	1.853082	48.750591	71.932190	8.784061	13.997832	9.054551	84453.757812	17.864282	4.027715													34.120514	1.348185
2021-09-20 00:30:00	2021-09-19 16:30:00																																	
2021-09-20 01:00:00	2021-09-19 17:00:00							2.010529	-0.113641	2.013738	273.235083	2.392694	48.750591	71.932190	8.907405	13.549418	9.054318	84478.195312	17.036676	0.000000													37.365161	1.216517
2021-09-20 01:30:00	2021-09-19 17:30:00																																	
2021-09-20 02:00:00	2021-09-19 18:00:00							0.209075	-0.682966	0.714251	342.979179	3.448877	48.750591	71.932190	9.546690	13.245780	9.065401	84496.882812	15.327997	0.000000													44.913146	0.959444
2021-09-20 02:30:00	2021-09-19 18:30:00																																	
2021-09-20 03:00:00	2021-09-19 19:00:00							-1.051430	-0.465766	1.149975	66.107437	4.509454	48.750591	71.932190	10.563360	13.095407	9.090026	84522.523438	13.880731	0.000000													53.136356	0.743386
2021-09-20 03:30:00	2021-09-19 19:30:00																																	
2021-09-20 04:00:00	2021-09-19 20:00:00							-3.726311	-1.332022	3.957231	70.329849	4.289331	48.750591	71.932190	10.748980	12.900335	9.108088	84531.226562	12.968408	0.000000													55.528474	0.664706
2021-09-20 04:30:00	2021-09-19 20:30:00																																	
2021-09-20 05:00:00	2021-09-19 21:00:00							-4.407287	-0.709088	4.463965	80.860016	4.048914	48.750591	71.932190	10.982419	12.748268	9.128729	84528.914062	12.066400	0.000000													57.929690	0.592651
2021-09-20 05:30:00	2021-09-19 21:30:00																																	
2021-09-20 06:00:00	2021-09-19 22:00:00							-4.745390	-0.624052	4.786248	82.508179	3.645624	48.750591	71.932190	10.683056	12.534798	9.141019	84524.914062	11.445795	0.000000													58.663132	0.558926
2021-09-20 06:30:00	2021-09-19 22:30:00																																	
2021-09-20 07:00:00	2021-09-19 23:00:00							-5.460530	-0.638082	5.497685	83.335007	2.137811	48.750591	71.932190	10.187422	12.278135	9.146411	84530.304688	11.120599	0.000000													53.853619	0.610643
2021-09-20 07:30:00	2021-09-19 23:30:00																																	
2021-09-20 08:00:00	2021-09-20 00:00:00							-5.137921	-0.475773	5.159902	84.709488	1.241663	48.750591	71.932190	9.779513	12.015738	9.148616	84521.664062	10.832574	0.000000													51.476140	0.629925
2021-09-20 08:30:00	2021-09-20 00:30:00																																	
2021-09-20 09:00:00	2021-09-20 01:00:00							-4.982185	-0.810064	5.047611	80.764969	0.515863	48.750591	71.932190	9.419114	11.748783	9.147735	84518.203125	10.586237	0.000000													49.654978	0.642928
2021-09-20 09:30:00	2021-09-20 01:30:00	0.630000	984.870000	0.540000	7.000000	10943.000000	6.000000																											
2021-09-20 10:00:00	2021-09-20 02:00:00							-4.945249	-0.887698	5.024290	79.823471	0.161737	48.750591	71.932190	9.153662	11.490537	9.145194	84493.304688	10.339136	0.000000													49.200134	0.638122
2021-09-20 10:30:00	2021-09-20 02:30:00																																	
2021-09-20 11:00:00	2021-09-20 03:00:00							-4.571892	-0.998454	4.679648	77.680618	0.148798	48.750591	71.932190	8.987517	11.249570	9.142022	84479.664062	10.100000	0.000000													49.946480	0.618769
2021-09-20 11:30:00	2021-09-20 03:30:00																																	
2021-09-20 12:00:00	2021-09-20 04:00:00							-5.121306	-0.946137	5.207970	79.532883	0.110162	48.750591	71.932190	8.687347	10.991158	9.134630	84467.421875	9.893823	0.000000													50.499309	0.603539
2021-09-20 12:30:00	2021-09-20 04:30:00																																	
2021-09-20 13:00:00	2021-09-20 05:00:00							-4.591486	-0.901473	4.679145	78.892075	-0.025580	48.750591	71.932190	8.531499	10.755036	9.127198	84455.945312	9.714502	0.000000													50.608508	0.595003
2021-09-20 13:30:00	2021-09-20 05:30:00																																	
2021-09-20 14:00:00	2021-09-20 06:00:00							-4.628647	-1.331496	4.816353	73.951355	-0.098029	48.750591	71.932190	8.467914	10.542820	9.120119	84480.734375	9.589410	0.000000													50.767197	0.588127
2021-09-20 14:30:00	2021-09-20 06:30:00																																	
2021-09-20 15:00:00	2021-09-20 07:00:00							-3.869992	-1.072287	4.015799	74.513138	0.004694	48.750591	71.932190	7.957870	10.263409	9.103743	84520.773438	11.158929	0.000000													46.056627	0.715638
2021-09-20 15:30:00	2021-09-20 07:30:00																																	
2021-09-20 16:00:00	2021-09-20 08:00:00							-4.609711	-1.486360	4.843419	72.128540	-0.207953	48.750591	71.932190	7.258722	9.929032	9.078829	84544.718750	14.658441	0.000000													36.063759	1.066588
2021-09-20 16:30:00	2021-09-20 08:30:00																																	
2021-09-20 17:00:00	2021-09-20 09:00:00							-4.918218	-0.561511	4.950168	83.486755	-1.036108	48.750591	71.932190	6.524029	9.555305	9.046616	84567.523438	17.989130	0.000000													27.453448	1.496330
2021-09-20 17:30:00	2021-09-20 09:30:00																																	
2021-09-20 18:00:00	2021-09-20 10:00:00							-3.847574	-0.218773	3.853788	86.745651	-1.932623	48.750591	71.932190	5.867885	9.163176	9.009063	84597.000000	20.517908	0.000000													21.954392	1.884259
2021-09-20 18:30:00	2021-09-20 10:30:00																																	
2021-09-20 19:00:00	2021-09-20 11:00:00							-2.372886	-0.072687	2.373999	88.245438	-1.271735	48.750591	71.932190	5.429341	8.786500	8.969714	84615.906250	21.771021	0.000000													21.345368	2.050727
2021-09-20 19:30:00	2021-09-20 11:30:00																																	
2021-09-20 20:00:00	2021-09-20 12:00:00							-2.154553	-0.609213	2.239027	74.211426	-1.070746	48.750591	71.932190	5.240846	8.449390	8.931354	84620.250000	23.215417	0.000000													19.844018	2.281441
2021-09-20 20:30:00	2021-09-20 12:30:00																																	
2021-09-20 21:00:00	2021-09-20 13:00:00							-1.512895	-0.716931	1.674169	64.644653	-0.602972	48.750591	71.932190	5.106964	8.135557	8.892592	84612.445312	24.069849	0.000000													19.506773	2.411940
2021-09-20 21:30:00	2021-09-20 13:30:00	0.000000	984.870000	0.180000	0.000000	10943.000000	2.000000																											
2021-09-20 22:00:00	2021-09-20 14:00:00							-1.277642	-0.393324	1.336815	72.888916	-0.228094	48.750591	71.932190	5.098555	7.860625	8.855357	84616.117188	24.260858	0.000000													19.819966	2.430223
2021-09-20 22:30:00	2021-09-20 14:30:00																																	
2021-09-20 23:00:00	2021-09-20 15:00:00							-2.101712	-0.645545	2.198618	72.925568	-0.119177	48.750591	71.932190	5.198148	7.629256	8.820519	84612.406250	23.948480	0.000000													20.355734	2.369180
2021-09-20 23:30:00	2021-09-20 15:30:00																																	
2021-09-21 00:00:00	2021-09-20 16:00:00							-2.218688	-0.637190	2.308374	73.976334	-0.252020	49.362194	72.321396	5.395624	7.445438	8.788916	84622.101562	23.171442	0.000000													21.125412	2.239015
2021-09-21 00:30:00	2021-09-20 16:30:00																																	
2021-09-21 01:00:00	2021-09-20 17:00:00							-2.589831	-0.304087	2.607623	83.303223	-0.004126	49.362194	72.321396	5.727116	7.320240	8.762180	84658.085938	21.636865	0.000000													23.612636	1.975357
2021-09-21 01:30:00	2021-09-20 17:30:00																																	
2021-09-21 02:00:00	2021-09-20 18:00:00							-3.131347	0.028407	3.131476	90.519775	3.231195	49.362194	72.321396	6.267588	7.274006	8.743045	84689.695312	19.043634	0.000000													34.959452	1.433092
2021-09-21 02:30:00	2021-09-20 18:30:00																																	
2021-09-21 03:00:00	2021-09-20 19:00:00							-3.812619	0.490387	3.844027	97.329269	1.911005	49.362194	72.321396	6.630123	7.248609	8.725904	84735.531250	17.194971	0.000000													35.740614	1.260641
2021-09-21 03:30:00	2021-09-20 19:30:00																																	
2021-09-21 04:00:00	2021-09-20 20:00:00							-4.134556	0.388168	4.152737	95.363419	0.523798	49.362194	72.321396	6.894147	7.240446	8.710552	84769.414062	15.488336	0.000000													36.056031	1.125226
2021-09-21 04:30:00	2021-09-20 20:30:00																																	
2021-09-21 05:00:00	2021-09-20 21:00:00							-4.154443	0.482075	4.182319	96.618927	-0.109076	49.362194	72.321396	6.752512	7.183609	8.689991	84790.960938	14.340082	0.000000													37.079781	1.028260
2021-09-21 05:30:00	2021-09-20 21:30:00																																	
2021-09-21 06:00:00	2021-09-20 22:00:00							-4.048328	0.223225	4.054478	93.156113	-0.868048	49.362194	72.321396	6.527120	7.103994	8.666604	84820.742188	13.813379	0.000000													36.298153	1.006073
2021-09-21 06:30:00	2021-09-20 22:30:00																																	
2021-09-21 07:00:00	2021-09-20 23:00:00							-4.406286	0.199697	4.410809	92.594925	-1.469427	49.362194	72.321396	6.280351	7.007358	8.640821	84841.898438	13.530908	0.000000													35.372845	1.002100
2021-09-21 07:30:00	2021-09-20 23:30:00																																	
2021-09-21 08:00:00	2021-09-21 00:00:00							-3.687020	0.967373	3.811814	104.701477	-1.510779	49.362194	72.321396	6.108663	6.910725	8.614344	84849.453125	13.193292	0.000000													36.050394	0.969997
2021-09-21 08:30:00	2021-09-21 00:30:00																																	
2021-09-21 09:00:00	2021-09-21 01:00:00							-3.128377	0.875912	3.248686	105.641693	-1.190466	49.362194	72.321396	6.041545	6.826199	8.588492	84865.585938	12.827173	0.000000													37.805104	0.921058
2021-09-21 09:30:00	2021-09-21 01:30:00	0.000000	992.610000	2.700000	0.000000	11029.000000	30.000000																											
2021-09-21 10:00:00	2021-09-21 02:00:00							-2.854898	0.952279	3.009531	108.446625	-1.008734	49.362194	72.321396	6.161035	6.776937	8.565891	84886.429688	12.528864	0.000000													39.070093	0.884843
2021-09-21 10:30:00	2021-09-21 02:30:00																																	
2021-09-21 11:00:00	2021-09-21 03:00:00							-3.092512	1.579136	3.472362	117.050323	-0.942236	49.362194	72.321396	6.404117	6.765226	8.547103	84897.242188	12.277338	0.000000													39.915664	0.858257
2021-09-21 11:30:00	2021-09-21 03:30:00																																	
2021-09-21 12:00:00	2021-09-21 04:00:00							-2.251553	1.928505	2.964561	130.580795	-0.838080	49.362194	72.321396	6.481221	6.746548	8.527629	84901.546875	12.071893	0.000000													40.769496	0.834692
2021-09-21 12:30:00	2021-09-21 04:30:00																																	
2021-09-21 13:00:00	2021-09-21 05:00:00							-2.188929	2.223011	3.119806	135.442596	-0.598730	49.362194	72.321396	6.706676	6.763304	8.512005	84940.476562	11.905389	0.000000													41.948365	0.809146
2021-09-21 13:30:00	2021-09-21 05:30:00																																	
2021-09-21 14:00:00	2021-09-21 06:00:00							-1.289545	2.594338	2.897157	153.569817	-0.278662	49.362194	72.321396	6.840595	6.782372	8.496949	84973.460938	11.730676	0.000000													43.438963	0.779326
2021-09-21 14:30:00	2021-09-21 06:30:00																																	
2021-09-21 15:00:00	2021-09-21 07:00:00							-1.197041	2.216609	2.519179	151.629509	1.023309	49.362194	72.321396	6.763145	6.773643	8.479212	85023.757812	13.635248	0.000000													42.136382	0.903341
2021-09-21 15:30:00	2021-09-21 07:30:00																																	
2021-09-21 16:00:00	2021-09-21 08:00:00							-0.297624	2.679812	2.696288	173.662613	4.443903	49.362194	72.321396	6.300725	6.689201	8.453351	85044.070312	18.428125	0.000000													39.572678	1.281185
2021-09-21 16:30:00	2021-09-21 08:30:00																																	
2021-09-21 17:00:00	2021-09-21 09:00:00							0.864099	3.791029	3.888261	192.840218	-1.054572	49.362194	72.321396	5.555539	6.519578	8.417677	85059.179688	23.044794	0.000000													20.073491	2.251576
2021-09-21 17:30:00	2021-09-21 09:30:00																																	
2021-09-21 18:00:00	2021-09-21 10:00:00							1.695248	3.871585	4.226469	203.647141	-1.165045	49.362194	72.321396	4.909311	6.315864	8.376993	85085.171875	24.882684	0.000000													17.830997	2.584798
2021-09-21 18:30:00	2021-09-21 10:30:00																																	
2021-09-21 19:00:00	2021-09-21 11:00:00							2.910935	3.856480	4.831768	217.046108	-1.747931	49.362194	72.321396	4.500443	6.115058	8.335029	85126.312500	25.704675	0.000000													16.267010	2.765869
2021-09-21 19:30:00	2021-09-21 11:30:00																																	
2021-09-21 20:00:00	2021-09-21 12:00:00							3.575717	3.854005	5.257291	222.854931	-1.622717	49.362194	72.321396	4.167104	5.909106	8.290950	85098.796875	26.440088	0.000852													15.719995	2.907564
2021-09-21 20:30:00	2021-09-21 12:30:00																																	
2021-09-21 21:00:00	2021-09-21 13:00:00							4.069303	3.705600	5.503698	227.678295	-1.440680	49.362194	72.321396	3.913846	5.706114	8.245607	85094.445312	26.771600	0.000852													15.624611	2.968195
2021-09-21 21:30:00	2021-09-21 13:30:00	0.000000	993.600000	3.150000	0.000000	11040.000000	35.000000																											
2021-09-21 22:00:00	2021-09-21 14:00:00							4.048159	3.147494	5.127798	232.134487	-1.168219	49.362194	72.321396	3.762254	5.516941	8.200219	85071.664062	26.695551	0.000852													16.012452	2.941372
2021-09-21 22:30:00	2021-09-21 14:30:00																																	
2021-09-21 23:00:00	2021-09-21 15:00:00							4.434391	2.718670	5.201441	238.488052	-0.758154	49.362194	72.321396	3.798720	5.365117	8.157475	85046.117188	26.194086	0.000852													16.996328	2.822290
2021-09-21 23:30:00	2021-09-21 15:30:00																																	
2021-09-22 00:00:00	2021-09-21 16:00:00							4.307445	2.723717	5.096344	237.693703	-0.162970	50.550926	73.077866	3.978215	5.256116	8.118308	85046.085938	25.249323	0.000852													18.773545	2.611535
2021-09-22 00:30:00	2021-09-21 16:30:00																																	
2021-09-22 01:00:00	2021-09-21 17:00:00							3.131243	1.377585	3.420880	246.252989	0.950800	50.550926	73.077866	4.388364	5.214808	8.085798	85062.687500	23.607172	0.000000													22.454288	2.259900
2021-09-22 01:30:00	2021-09-21 17:30:00																																	
2021-09-22 02:00:00	2021-09-21 18:00:00							1.840715	-0.016953	1.840793	270.527689	4.321344	50.550926	73.077866	4.978202	5.246701	8.061145	85067.601562	21.545160	0.000000													32.348241	1.739675
2021-09-22 02:30:00	2021-09-21 18:30:00																																	
2021-09-22 03:00:00	2021-09-21 19:00:00							0.963862	-0.355528	1.027341	290.246906	3.583368	50.550926	73.077866	5.616580	5.337728	8.043459	85091.117188	19.975549	0.000000													33.824643	1.545025
2021-09-22 03:30:00	2021-09-21 19:30:00																																	
2021-09-22 04:00:00	2021-09-21 20:00:00							-0.787466	0.105870	0.794551	97.657150	3.605249	50.550926	73.077866	6.173230	5.463411	8.030596	85111.429688	17.507074	0.000000													39.529616	1.209940
2021-09-22 04:30:00	2021-09-21 20:30:00																																	
2021-09-22 05:00:00	2021-09-21 21:00:00							-1.470815	0.665054	1.614186	114.330933	3.856653	50.550926	73.077866	6.500318	5.586552	8.018814	85120.601562	16.264886	0.000000													43.535450	1.044187
2021-09-22 05:30:00	2021-09-21 21:30:00																																	
2021-09-22 06:00:00	2021-09-21 22:00:00							-1.371902	0.856904	1.617529	121.989334	4.243799	50.550926	73.077866	6.683725	5.702160	8.007536	85139.757812	15.358087	0.000000													47.409376	0.917738
2021-09-22 06:30:00	2021-09-21 22:30:00																																	
2021-09-22 07:00:00	2021-09-21 23:00:00							-1.237030	0.782450	1.463719	122.314301	4.481134	50.550926	73.077866	6.767954	5.805982	7.996222	85120.375000	14.954736	0.000000													49.472178	0.859167
2021-09-22 07:30:00	2021-09-21 23:30:00																																	
2021-09-22 08:00:00	2021-09-22 00:00:00							-1.132193	1.289108	1.715710	138.707947	4.470758	50.550926	73.077866	6.786371	5.896152	7.984556	85099.804688	14.354425	0.000000													51.389690	0.795141
2021-09-22 08:30:00	2021-09-22 00:30:00																																	
2021-09-22 09:00:00	2021-09-22 01:00:00							-0.976924	1.427873	1.730087	145.620789	4.449457	50.550926	73.077866	6.661237	5.953924	7.970371	85123.320312	13.671564	0.000000													53.637752	0.725500
2021-09-22 09:30:00	2021-09-22 01:30:00	0.000000	994.860000	5.130000	0.000000	11054.000000	57.000000																											
2021-09-22 10:00:00	2021-09-22 02:00:00							-0.617454	1.669206	1.779746	159.700134	4.700739	50.550926	73.077866	6.586328	6.004252	7.956085	85086.070312	12.776208	0.000000													57.876963	0.621730
2021-09-22 10:30:00	2021-09-22 02:30:00																																	
2021-09-22 11:00:00	2021-09-22 03:00:00							-0.515556	2.107841	2.169976	166.255905	4.890894	50.550926	73.077866	6.696093	6.076621	7.944821	85082.781250	12.125299	0.000000													61.214337	0.548505
2021-09-22 11:30:00	2021-09-22 03:30:00																																	
2021-09-22 12:00:00	2021-09-22 04:00:00							0.202500	2.768973	2.776368	184.182709	4.774347	50.550926	73.077866	6.493380	6.095942	7.928623	85065.273438	11.755304	0.000000													62.217958	0.521427
2021-09-22 12:30:00	2021-09-22 04:30:00																																	
2021-09-22 13:00:00	2021-09-22 05:00:00							1.448925	3.152662	3.469677	204.682930	4.381891	50.550926	73.077866	6.299746	6.096859	7.910776	85066.828125	11.690240	0.000000													60.791662	0.538790
2021-09-22 13:30:00	2021-09-22 05:30:00																																	
2021-09-22 14:00:00	2021-09-22 06:00:00							0.685009	2.807141	2.889512	193.713531	3.955713	50.550926	73.077866	6.128800	6.084309	7.891652	85075.507812	11.727075	0.000000													58.854234	0.566792
2021-09-22 14:30:00	2021-09-22 06:30:00																																	
2021-09-22 15:00:00	2021-09-22 07:00:00							-0.146002	2.502652	2.506907	176.661224	4.584528	50.550926	73.077866	5.884579	6.044229	7.869606	85084.437500	13.674951	0.000000													54.135979	0.717861
2021-09-22 15:30:00	2021-09-22 07:30:00																																	
2021-09-22 16:00:00	2021-09-22 08:00:00							1.878505	2.504657	3.130829	216.870079	4.635980	50.550926	73.077866	5.343567	5.932130	7.839572	85081.343750	19.155573	0.000000													38.326472	1.368419
2021-09-22 16:30:00	2021-09-22 08:30:00																																	
2021-09-22 17:00:00	2021-09-22 09:00:00							2.371641	4.325570	4.933075	208.735264	-0.189062	50.550926	73.077866	4.866241	5.792809	7.805781	85084.781250	22.561151	0.000000													22.021473	2.133277
2021-09-22 17:30:00	2021-09-22 09:30:00																																	
2021-09-22 18:00:00	2021-09-22 10:00:00							6.344452	6.989643	9.439660	222.229820	-0.292944	50.550926	73.077866	4.579819	5.657444	7.771387	85091.914062	23.811548	0.000000													20.265520	2.352432
2021-09-22 18:30:00	2021-09-22 10:30:00																																	
2021-09-22 19:00:00	2021-09-22 11:00:00							6.653232	7.473795	10.006153	221.675735	0.556848	50.550926	73.077866	4.332457	5.515495	7.735288	85039.992188	24.664545	0.000000													20.482936	2.469028
2021-09-22 19:30:00	2021-09-22 11:30:00																																	
2021-09-22 20:00:00	2021-09-22 12:00:00							5.230265	5.835819	7.836610	221.867805	1.441827	50.550926	73.077866	4.244668	5.392842	7.700247	84980.429688	25.046259	0.000000													21.342439	2.498571
2021-09-22 20:30:00	2021-09-22 12:30:00																																	
2021-09-22 21:00:00	2021-09-22 13:00:00							5.675319	5.649901	8.008161	225.128593	2.446954	50.550926	73.077866	4.258511	5.291687	7.666680	84952.039062	25.096674	0.000000													22.866261	2.457531
2021-09-22 21:30:00	2021-09-22 13:30:00	0.540000	994.950000	3.600000	6.000000	11055.000000	40.000000																											
2021-09-22 22:00:00	2021-09-22 14:00:00							7.369397	5.003898	8.907694	235.823086	3.384393	50.550926	73.077866	4.391198	5.222373	7.635903	84937.351562	24.787195	0.000852													24.895401	2.349155
2021-09-22 22:30:00	2021-09-22 14:30:00																																	
2021-09-22 23:00:00	2021-09-22 15:00:00							5.658472	5.347459	7.785475	226.618671	4.047235	50.550926	73.077866	4.673302	5.198274	7.609656	84869.632812	24.117792	0.000852													27.152989	2.189110
2021-09-22 23:30:00	2021-09-22 15:30:00																																	
2021-09-23 00:00:00	2021-09-22 16:00:00							5.326302	4.563976	7.014226	229.407547	4.511804	50.893692	73.295990	4.931057	5.197421	7.585950	84862.507812	23.160150	0.000852													29.717880	1.993740
2021-09-23 00:30:00	2021-09-22 16:30:00																																	
2021-09-23 01:00:00	2021-09-22 17:00:00							4.486843	2.913199	5.349625	237.005306	5.036035	50.893692	73.295990	5.432020	5.263829	7.569764	84844.609375	21.770013	0.000000													33.543379	1.732587
2021-09-23 01:30:00	2021-09-22 17:30:00																																	
2021-09-23 02:00:00	2021-09-22 18:00:00							3.735400	0.636841	3.789299	260.324778	5.895837	50.893692	73.295990	6.032445	5.387426	7.560590	84806.554688	19.888574	0.000000													39.978763	1.393814
2021-09-23 02:30:00	2021-09-22 18:30:00																																	
2021-09-23 03:00:00	2021-09-22 19:00:00							1.660381	1.035721	1.956933	238.044695	5.995325	50.893692	73.295990	6.886022	5.599780	7.562343	84809.570312	18.821344	0.000000													43.018769	1.238214
2021-09-23 03:30:00	2021-09-22 19:30:00																																	
2021-09-23 04:00:00	2021-09-22 20:00:00							1.480505	0.365209	1.524884	256.143012	7.535638	50.893692	73.295990	7.709028	5.864501	7.571839	84817.757812	17.289362	0.000000													52.661954	0.934240
2021-09-23 04:30:00	2021-09-22 20:30:00																																	
2021-09-23 05:00:00	2021-09-22 21:00:00							-0.189200	-0.731093	0.755178	14.509308	6.686517	50.893692	73.295990	8.319238	6.141201	7.585135	84816.773438	15.777032	0.000000													54.698327	0.812056
2021-09-23 05:30:00	2021-09-22 21:30:00																																	
2021-09-23 06:00:00	2021-09-22 22:00:00							-1.585636	1.049522	1.901510	123.500320	6.906976	50.893692	73.295990	8.602777	6.389025	7.597876	84803.875000	14.382318	0.000000													60.747935	0.643224
2021-09-23 06:30:00	2021-09-22 22:30:00																																	
2021-09-23 07:00:00	2021-09-22 23:00:00							-1.638627	0.156916	1.646123	95.470001	6.751489	50.893692	73.295990	8.480689	6.566832	7.605325	84731.312500	13.485834	0.000000													63.704085	0.561149
2021-09-23 07:30:00	2021-09-22 23:30:00																																	
2021-09-23 08:00:00	2021-09-23 00:00:00							-0.256689	1.184173	1.211674	167.769432	6.868311	50.893692	73.295990	8.425813	6.729701	7.612822	84696.437500	12.843683	0.000000													66.969221	0.489689
2021-09-23 08:30:00	2021-09-23 00:30:00																																	
2021-09-23 09:00:00	2021-09-23 01:00:00							-0.961661	0.713419	1.197397	126.570267	6.813531	50.893692	73.295990	8.312633	6.862386	7.618566	84718.085938	12.568933	0.000000													67.930246	0.466954
2021-09-23 09:30:00	2021-09-23 01:30:00	0.810000	994.950000	3.330000	9.000000	11055.000000	37.000000																											
2021-09-23 10:00:00	2021-09-23 02:00:00							-2.405762	-0.274819	2.421408	83.483124	6.751337	50.893692	73.295990	8.256016	6.983088	7.624254	84654.210938	12.177148	0.000435													69.405078	0.434152
2021-09-23 10:30:00	2021-09-23 02:30:00																																	
2021-09-23 11:00:00	2021-09-23 03:00:00							-2.395354	0.761780	2.513569	107.641922	6.554956	50.893692	73.295990	8.171737	7.082787	7.628789	84641.492188	11.921625	0.000435													69.635840	0.423681
2021-09-23 11:30:00	2021-09-23 03:30:00																																	
2021-09-23 12:00:00	2021-09-23 04:00:00							-3.589479	0.396448	3.611306	96.302628	6.242944	50.893692	73.295990	8.397160	7.221797	7.638521	84585.554688	11.648126	0.000435													69.394972	0.419396
2021-09-23 12:30:00	2021-09-23 04:30:00																																	
2021-09-23 13:00:00	2021-09-23 05:00:00							-4.692384	-0.238476	4.698440	87.090622	6.114435	50.893692	73.295990	8.903718	7.419371	7.655872	84564.968750	11.259576	0.000435													70.574150	0.392993
2021-09-23 13:30:00	2021-09-23 05:30:00																																	
2021-09-23 14:00:00	2021-09-23 06:00:00							-4.740081	-0.253908	4.746877	86.933807	6.154932	50.893692	73.295990	9.087348	7.586530	7.671688	84576.007812	10.909418	0.000435													72.437514	0.359644
2021-09-23 14:30:00	2021-09-23 06:30:00																																	
2021-09-23 15:00:00	2021-09-23 07:00:00							-4.340387	0.500145	4.369108	96.573242	6.776239	50.893692	73.295990	8.757202	7.662409	7.679084	84585.531250	12.573511	0.000435													67.735870	0.469925
2021-09-23 15:30:00	2021-09-23 07:30:00																																	
2021-09-23 16:00:00	2021-09-23 08:00:00							-4.540647	0.209856	4.545494	92.646179	7.017816	50.893692	73.295990	7.811067	7.590408	7.671111	84596.101562	17.871088	0.000435													48.995047	1.044234
2021-09-23 16:30:00	2021-09-23 08:30:00																																	
2021-09-23 17:00:00	2021-09-23 09:00:00							-4.177430	-0.354075	4.192408	85.155243	2.733606	50.893692	73.295990	6.700045	7.409721	7.650721	84588.890625	21.409235	0.000435													29.156739	1.806653
2021-09-23 17:30:00	2021-09-23 09:30:00																																	
2021-09-23 18:00:00	2021-09-23 10:00:00							-2.022530	-0.259340	2.039089	82.693085	1.204706	50.893692	73.295990	5.751289	7.174345	7.622830	84601.789062	23.396692	0.000435													23.161124	2.211082
2021-09-23 18:30:00	2021-09-23 10:30:00																																	
2021-09-23 19:00:00	2021-09-23 11:00:00							-1.626330	-0.708881	1.774108	66.448685	0.561182	50.893692	73.295990	5.154639	6.938142	7.592817	84576.953125	24.380487	0.000435													20.840284	2.416545
2021-09-23 19:30:00	2021-09-23 11:30:00																																	
2021-09-23 20:00:00	2021-09-23 12:00:00							-0.998777	-0.301319	1.043240	73.212082	0.432001	50.893692	73.295990	4.826020	6.717797	7.562506	84540.687500	25.329980	0.001287													19.509589	2.600305
2021-09-23 20:30:00	2021-09-23 12:30:00																																	
2021-09-23 21:00:00	2021-09-23 13:00:00							-0.152423	-0.729711	0.745461	11.798401	0.411676	50.893692	73.295990	4.593914	6.505103	7.531162	84520.937500	25.906549	0.001290													18.826208	2.713571
2021-09-23 21:30:00	2021-09-23 13:30:00	0.540000	995.580000	1.170000	6.000000	11062.000000	13.000000																											
2021-09-23 22:00:00	2021-09-23 14:00:00							-0.541765	-0.162786	0.565693	73.275864	0.237299	50.893692	73.295990	4.570290	6.328300	7.501937	84468.328125	26.071954	0.001281													18.408553	2.754335
2021-09-23 22:30:00	2021-09-23 14:30:00																																	
2021-09-23 23:00:00	2021-09-23 15:00:00							-0.414539	-1.068350	1.145955	21.207153	-0.179816	50.893692	73.295990	4.660039	6.185797	7.474987	84449.335938	25.787622	0.001281													18.161124	2.716616
2021-09-23 23:30:00	2021-09-23 15:30:00																																	
2021-09-24 00:00:00	2021-09-23 16:00:00							0.185276	-0.524683	0.556435	340.550827	-0.327490	49.998825	72.726524	4.716638	6.058274	7.448530	84481.078125	24.938196	0.001287													18.896368	2.559740
2021-09-24 00:30:00	2021-09-23 16:30:00																																	
2021-09-24 01:00:00	2021-09-23 17:00:00							0.091068	-0.693210	0.699167	352.515793	0.439722	49.998825	72.726524	4.959155	5.980944	7.426528	84483.054688	23.357172	0.000000													21.967608	2.240080
2021-09-24 01:30:00	2021-09-23 17:30:00																																	
2021-09-24 02:00:00	2021-09-23 18:00:00							-1.870530	-0.791387	2.031053	67.067657	2.058405	49.998825	72.726524	5.498900	5.986157	7.412939	84504.765625	21.071100	0.000000													28.367822	1.789291
2021-09-24 02:30:00	2021-09-23 18:30:00																																	
2021-09-24 03:00:00	2021-09-23 19:00:00							-2.881110	-0.662205	2.956232	77.055740	2.032465	49.998825	72.726524	5.845602	6.004770	7.400985	84513.421875	19.212671	0.000000													31.763458	1.519435
2021-09-24 03:30:00	2021-09-23 19:30:00																																	
2021-09-24 04:00:00	2021-09-23 20:00:00							-3.735572	-0.148304	3.738515	87.726517	1.501154	49.998825	72.726524	6.084575	6.033550	7.390434	84517.679688	17.133844	0.000000													34.839539	1.273383
2021-09-24 04:30:00	2021-09-23 20:30:00																																	
2021-09-24 05:00:00	2021-09-23 21:00:00							-5.096579	-0.187845	5.100039	87.889191	0.987238	49.998825	72.726524	6.142877	6.048684	7.378788	84534.945312	16.103662	0.000000													35.845637	1.174256
2021-09-24 05:30:00	2021-09-23 21:30:00																																	
2021-09-24 06:00:00	2021-09-23 22:00:00							-4.666707	-0.340000	4.679076	85.832977	0.380243	49.998825	72.726524	6.096707	6.048850	7.365781	84537.242188	15.606836	0.000000													35.412691	1.145213
2021-09-24 06:30:00	2021-09-23 22:30:00																																	
2021-09-24 07:00:00	2021-09-23 23:00:00							-5.492907	-0.269304	5.499505	87.193161	0.621637	49.998825	72.726524	5.774779	5.995043	7.347049	84542.773438	15.387750	0.000000													36.547534	1.109394
2021-09-24 07:30:00	2021-09-23 23:30:00																																	
2021-09-24 08:00:00	2021-09-24 00:00:00							-4.877949	-0.601390	4.914881	82.971603	0.264917	49.998825	72.726524	5.664328	5.955215	7.329489	84540.429688	15.101343	0.000000													36.275871	1.093828
2021-09-24 08:30:00	2021-09-24 00:30:00																																	
2021-09-24 09:00:00	2021-09-24 01:00:00							-4.542351	-0.278556	4.550884	86.490768	0.219781	49.998825	72.726524	5.735089	5.941730	7.314569	84570.945312	14.882806	0.000000													36.669490	1.071883
2021-09-24 09:30:00	2021-09-24 01:30:00	0.810000	996.480000	4.770000	9.000000	11072.000000	53.000000																											
2021-09-24 10:00:00	2021-09-24 02:00:00							-3.859830	-0.106752	3.861306	88.415756	0.379633	49.998825	72.726524	5.660317	5.909575	7.297638	84524.289062	14.574701	0.000000													37.842319	1.031326
2021-09-24 10:30:00	2021-09-24 02:30:00																																	
2021-09-24 11:00:00	2021-09-24 03:00:00							-3.960428	0.061872	3.960912	90.895050	0.607172	49.998825	72.726524	5.777140	5.908166	7.283893	84543.570312	14.260370	0.000000													39.261705	0.987493
2021-09-24 11:30:00	2021-09-24 03:30:00																																	
2021-09-24 12:00:00	2021-09-24 04:00:00							-2.693571	0.570802	2.753387	101.964706	0.813135	49.998825	72.726524	5.797159	5.899952	7.269530	84519.625000	13.871759	0.000000													40.868313	0.937444
2021-09-24 12:30:00	2021-09-24 04:30:00																																	
2021-09-24 13:00:00	2021-09-24 05:00:00							-2.515452	0.519255	2.568487	101.663528	0.961359	49.998825	72.726524	5.733631	5.879201	7.253867	84540.570312	13.463251	0.000000													42.420943	0.888886
2021-09-24 13:30:00	2021-09-24 05:30:00																																	
2021-09-24 14:00:00	2021-09-24 06:00:00							-2.319915	0.495397	2.372219	102.053970	1.071161	49.998825	72.726524	5.718926	5.863404	7.238694	84547.453125	13.036249	0.000000													43.967089	0.841237
2021-09-24 14:30:00	2021-09-24 06:30:00																																	
2021-09-24 15:00:00	2021-09-24 07:00:00							-2.108370	1.052893	2.356652	116.536972	1.645685	49.998825	72.726524	5.525672	5.815467	7.220026	84581.992188	14.349390	0.000000													42.070829	0.947265
2021-09-24 15:30:00	2021-09-24 07:30:00																																	
2021-09-24 16:00:00	2021-09-24 08:00:00							-1.264274	0.830709	1.512768	123.307510	2.775415	49.998825	72.726524	5.072894	5.707551	7.194566	84576.718750	18.915063	0.000000													34.119356	1.440004
2021-09-24 16:30:00	2021-09-24 08:30:00																																	
2021-09-24 17:00:00	2021-09-24 09:00:00							1.295084	0.867216	1.558623	236.192883	-2.145667	49.998825	72.726524	4.523289	5.551018	7.163025	84578.054688	22.919946	0.000000													18.661516	2.274113
2021-09-24 17:30:00	2021-09-24 09:30:00																																	
2021-09-24 18:00:00	2021-09-24 10:00:00							1.631821	1.262246	2.063032	232.277344	-2.880682	49.998825	72.726524	4.075560	5.377395	7.128407	84591.648438	24.980737	0.000000													15.612591	2.670140
2021-09-24 18:30:00	2021-09-24 10:30:00																																	
2021-09-24 19:00:00	2021-09-24 11:00:00							2.478873	1.301475	2.799759	242.299334	-2.169714	49.998825	72.726524	3.777030	5.205966	7.092665	84586.585938	26.106927	0.000000													15.396407	2.861924
2021-09-24 19:30:00	2021-09-24 11:30:00																																	
2021-09-24 20:00:00	2021-09-24 12:00:00							2.776728	1.352918	3.088787	244.023060	-1.553778	49.998825	72.726524	3.699703	5.063003	7.058683	84559.015625	27.011713	0.000000													15.277989	3.022704
2021-09-24 20:30:00	2021-09-24 12:30:00																																	
2021-09-24 21:00:00	2021-09-24 13:00:00							3.869944	1.661662	4.211601	246.762461	-0.769843	49.998825	72.726524	3.672297	4.934979	7.025254	84521.718750	27.447778	0.000000													15.776008	3.082665
2021-09-24 21:30:00	2021-09-24 13:30:00	0.450000	996.480000	3.510000	5.000000	11072.000000	39.000000																											
2021-09-24 22:00:00	2021-09-24 14:00:00							3.689441	1.382343	3.939905	249.460264	0.118799	49.998825	72.726524	3.761492	4.837093	6.994167	84503.343750	27.369928	0.000000													16.909814	3.027352
2021-09-24 22:30:00	2021-09-24 14:30:00																																	
2021-09-24 23:00:00	2021-09-24 15:00:00							4.304636	1.096077	4.441990	255.714513	0.974908	49.998825	72.726524	3.917395	4.768140	6.965564	84470.210938	26.758020	0.000000													18.649046	2.859516
2021-09-24 23:30:00	2021-09-24 15:30:00																																	
2021-09-25 00:00:00	2021-09-24 16:00:00							3.646354	1.126175	3.816303	252.836718	1.864313	51.177223	73.476410	4.121015	4.728103	6.939704	84477.890625	25.648920	0.000435													21.225813	2.593487
2021-09-25 00:30:00	2021-09-24 16:30:00																																	
2021-09-25 01:00:00	2021-09-24 17:00:00							2.847339	1.428012	3.185366	243.365093	2.984338	51.177223	73.476410	4.566299	4.753698	6.920823	84474.882812	23.823145	0.000000													25.637696	2.195464
2021-09-25 01:30:00	2021-09-24 17:30:00																																	
2021-09-25 02:00:00	2021-09-24 18:00:00							1.746620	0.574097	1.838551	251.804817	4.303949	51.177223	73.476410	5.219003	4.854633	6.910551	84506.273438	21.729028	0.000000													31.947692	1.769753
2021-09-25 02:30:00	2021-09-24 18:30:00																																	
2021-09-25 03:00:00	2021-09-24 19:00:00							0.453017	0.230642	0.508350	243.018240	7.611414	51.177223	73.476410	5.932541	5.016365	6.907961	84536.914062	19.826929	0.000000													45.159930	1.268641
2021-09-25 03:30:00	2021-09-24 19:30:00																																	
2021-09-25 04:00:00	2021-09-24 20:00:00							-0.250108	0.575216	0.627238	156.500237	6.826898	51.177223	73.476410	6.538752	5.208533	6.910282	84561.117188	18.530084	0.000000													46.396815	1.143781
2021-09-25 04:30:00	2021-09-24 20:30:00																																	
2021-09-25 05:00:00	2021-09-24 21:00:00							-0.160051	0.738692	0.755832	167.774788	6.514551	51.177223	73.476410	6.988692	5.409863	6.915457	84602.304688	16.993158	0.000000													50.026022	0.967941
2021-09-25 05:30:00	2021-09-24 21:30:00																																	
2021-09-25 06:00:00	2021-09-24 22:00:00							-0.715208	0.978634	1.212124	143.839828	6.648065	51.177223	73.476410	7.237649	5.597348	6.921050	84589.820312	15.747705	0.000000													54.656181	0.811288
2021-09-25 06:30:00	2021-09-24 22:30:00																																	
2021-09-25 07:00:00	2021-09-24 23:00:00							-0.412355	0.869026	0.961895	154.615547	6.673303	51.177223	73.476410	7.264233	5.750230	6.924670	84605.500000	15.275232	0.000000													56.435328	0.756196
2021-09-25 07:30:00	2021-09-24 23:30:00																																	
2021-09-25 08:00:00	2021-09-25 00:00:00							0.087284	0.659212	0.664965	187.542511	6.471918	51.177223	73.476410	7.409758	5.913187	6.930846	84587.898438	14.736749	0.000428													57.620864	0.710553
2021-09-25 08:30:00	2021-09-25 00:30:00																																	
2021-09-25 09:00:00	2021-09-25 01:00:00							-0.231637	0.764441	0.798765	163.142387	6.208429	51.177223	73.476410	7.453909	6.056265	6.936400	84631.695312	14.310449	0.000428													58.162642	0.682408
2021-09-25 09:30:00	2021-09-25 01:30:00	0.450000	996.480000	4.320000	5.000000	11072.000000	48.000000																											
2021-09-25 10:00:00	2021-09-25 02:00:00							-0.258925	0.168845	0.309113	123.108383	5.975061	51.177223	73.476410	7.692122	6.225453	6.946134	84598.921875	13.853998	0.000428													58.950646	0.650025
2021-09-25 10:30:00	2021-09-25 02:30:00																																	
2021-09-25 11:00:00	2021-09-25 03:00:00							-0.420466	0.592683	0.726681	144.647034	5.727258	51.177223	73.476410	7.762105	6.370496	6.954810	84614.984375	13.396448	0.000435													59.698376	0.619459
2021-09-25 11:30:00	2021-09-25 03:30:00																																	
2021-09-25 12:00:00	2021-09-25 04:00:00							-0.512108	0.452117	0.683129	131.439819	5.339532	51.177223	73.476410	7.443562	6.438611	6.956476	84608.179688	13.016321	0.000435													59.571848	0.606168
2021-09-25 12:30:00	2021-09-25 04:30:00																																	
2021-09-25 13:00:00	2021-09-25 05:00:00							-0.335102	0.321452	0.464354	133.808929	4.933374	51.177223	73.476410	7.485529	6.536912	6.962068	84607.132812	12.613947	0.000435													59.455197	0.592102
2021-09-25 13:30:00	2021-09-25 05:30:00																																	
2021-09-25 14:00:00	2021-09-25 06:00:00							-0.706589	0.186832	0.730872	104.810852	4.462061	51.177223	73.476410	7.523235	6.629360	6.967933	84641.531250	12.333521	0.000435													58.595743	0.593616
2021-09-25 14:30:00	2021-09-25 06:30:00																																	
2021-09-25 15:00:00	2021-09-25 07:00:00							-0.850666	0.046687	0.851946	93.141434	4.814691	51.177223	73.476410	7.389794	6.685962	6.970757	84643.867188	13.703912	0.000435													54.911418	0.707055
2021-09-25 15:30:00	2021-09-25 07:30:00																																	
2021-09-25 16:00:00	2021-09-25 08:00:00							0.305406	0.132922	0.333078	246.479944	4.250909	51.177223	73.476410	6.817611	6.646188	6.963653	84635.367188	19.257593	0.000435													37.069064	1.405220
2021-09-25 16:30:00	2021-09-25 08:30:00																																	
2021-09-25 17:00:00	2021-09-25 09:00:00							2.348324	0.336035	2.372245	261.856509	-0.040106	51.177223	73.476410	6.128256	6.537192	6.948722	84653.289062	22.496576	0.000435													22.349167	2.116002
2021-09-25 17:30:00	2021-09-25 09:30:00																																	
2021-09-25 18:00:00	2021-09-25 10:00:00							2.956483	-0.480005	2.995196	279.221881	0.175653	51.177223	73.476410	5.423528	6.373028	6.926885	84659.929688	23.998590	0.000435													20.734648	2.365013
2021-09-25 18:30:00	2021-09-25 10:30:00																																	
2021-09-25 19:00:00	2021-09-25 11:00:00							4.386731	0.289261	4.396257	266.227385	0.370508	51.177223	73.476410	4.845233	6.182892	6.900838	84643.234375	24.975885	0.000435													19.836291	2.535763
2021-09-25 19:30:00	2021-09-25 11:30:00																																	
2021-09-25 20:00:00	2021-09-25 12:00:00							3.999030	2.200210	4.564336	241.181032	0.445917	51.177223	73.476410	4.544156	6.007769	6.874812	84609.648438	25.479211	0.000858													19.356988	2.628424
2021-09-25 20:30:00	2021-09-25 12:30:00																																	
2021-09-25 21:00:00	2021-09-25 13:00:00							4.491789	1.697346	4.801786	249.299543	0.538568	51.177223	73.476410	4.352314	5.840998	6.848231	84590.203125	25.582300	0.000849													19.368592	2.644168
2021-09-25 21:30:00	2021-09-25 13:30:00	0.000000	996.480000	1.800000	0.000000	11072.000000	20.000000																											
2021-09-25 22:00:00	2021-09-25 14:00:00							5.343293	1.386070	5.520142	255.457786	0.601862	51.177223	73.476410	4.315500	5.699956	6.823069	84563.742188	25.294550	0.000849													19.792831	2.585705
2021-09-25 22:30:00	2021-09-25 14:30:00																																	
2021-09-25 23:00:00	2021-09-25 15:00:00							4.615335	1.505908	4.854800	251.929352	0.673822	51.177223	73.476410	4.377741	5.586209	6.799733	84543.570312	24.642114	0.000849													20.684835	2.459462
2021-09-25 23:30:00	2021-09-25 15:30:00																																	
2021-09-26 00:00:00	2021-09-25 16:00:00							4.158944	1.752261	4.513007	247.153168	1.008905	53.406342	74.894951	4.560888	5.510181	6.779603	84519.148438	23.526300	0.000849													22.658745	2.242991
2021-09-26 00:30:00	2021-09-25 16:30:00																																	
2021-09-26 01:00:00	2021-09-25 17:00:00							3.633767	0.297806	3.645950	265.314788	1.989679	53.406342	74.894951	4.911845	5.487851	6.764750	84534.796875	21.860773	0.000000													26.896798	1.916457
2021-09-26 01:30:00	2021-09-25 17:30:00																																	
2021-09-26 02:00:00	2021-09-25 18:00:00							1.282672	0.087420	1.285648	266.101072	3.318109	53.406342	74.894951	5.569926	5.554675	6.759495	84546.289062	19.765314	0.000000													33.631448	1.529481
2021-09-26 02:30:00	2021-09-25 18:30:00																																	
2021-09-26 03:00:00	2021-09-25 19:00:00							0.532162	0.174109	0.559920	251.883286	5.227899	53.406342	74.894951	6.339070	5.694929	6.762910	84566.390625	18.397638	0.000000													41.881763	1.229876
2021-09-26 03:30:00	2021-09-25 19:30:00																																	
2021-09-26 04:00:00	2021-09-25 20:00:00							-0.478830	0.509949	0.699519	136.802628	5.390619	53.406342	74.894951	6.757078	5.828557	6.766946	84565.398438	16.953424	0.000000													46.396278	1.035633
2021-09-26 04:30:00	2021-09-25 20:30:00																																	
2021-09-26 05:00:00	2021-09-25 21:00:00							0.044365	0.202866	0.207660	192.335854	4.974878	53.406342	74.894951	7.102294	5.974714	6.773611	84586.484375	15.317224	0.000000													50.030931	0.869706
2021-09-26 05:30:00	2021-09-25 21:30:00																																	
2021-09-26 06:00:00	2021-09-25 22:00:00							-0.707461	0.400235	0.812828	119.498367	4.999323	53.406342	74.894951	7.369826	6.124815	6.782070	84595.218750	14.544977	0.000000													52.672477	0.783756
2021-09-26 06:30:00	2021-09-25 22:30:00																																	
2021-09-26 07:00:00	2021-09-25 23:00:00							-0.340655	0.690153	0.769648	153.729355	4.655664	53.406342	74.894951	7.570517	6.273448	6.791756	84558.710938	14.282526	0.000000													52.302572	0.776586
2021-09-26 07:30:00	2021-09-25 23:30:00																																	
2021-09-26 08:00:00	2021-09-26 00:00:00							0.357489	0.822182	0.896539	203.499641	4.049799	53.406342	74.894951	7.520224	6.381463	6.798397	84542.171875	13.735406	0.000000													51.936862	0.755246
2021-09-26 08:30:00	2021-09-26 00:30:00																																	
2021-09-26 09:00:00	2021-09-26 01:00:00							-1.288209	1.068982	1.673979	129.686569	3.473260	53.406342	74.894951	7.555405	6.490620	6.806155	84561.273438	13.315851	0.000000													51.249148	0.745400
2021-09-26 09:30:00	2021-09-26 01:30:00	0.000000	996.480000	1.710000	0.000000	11072.000000	19.000000																											
2021-09-26 10:00:00	2021-09-26 02:00:00							-0.362310	1.054247	1.114767	161.033875	2.983453	53.406342	74.894951	7.674842	6.608312	6.815830	84528.242188	13.035272	0.000000													50.417113	0.744353
2021-09-26 10:30:00	2021-09-26 02:30:00																																	
2021-09-26 11:00:00	2021-09-26 03:00:00							0.240677	0.948438	0.978499	194.238907	2.633234	53.406342	74.894951	7.833034	6.733158	6.827341	84524.804688	12.822626	0.000000													49.866693	0.742214
2021-09-26 11:30:00	2021-09-26 03:30:00																																	
2021-09-26 12:00:00	2021-09-26 04:00:00							-0.454264	0.955155	1.057675	154.564606	2.685938	53.406342	74.894951	8.128767	6.885851	6.842981	84511.429688	12.482080	0.000000													51.184806	0.706735
2021-09-26 12:30:00	2021-09-26 04:30:00																																	
2021-09-26 13:00:00	2021-09-26 05:00:00							-0.626163	1.517401	1.641519	157.576263	2.891168	53.406342	74.894951	8.398265	7.046719	6.860851	84515.953125	12.171899	0.000000													53.007504	0.666608
2021-09-26 13:30:00	2021-09-26 05:30:00																																	
2021-09-26 14:00:00	2021-09-26 06:00:00							-0.010170	1.844970	1.844998	179.684181	3.187555	53.406342	74.894951	8.299099	7.150827	6.873963	84513.125000	11.875848	0.000000													55.200901	0.623211
2021-09-26 14:30:00	2021-09-26 06:30:00																																	
2021-09-26 15:00:00	2021-09-26 07:00:00							0.676099	1.918813	2.034442	199.410057	4.513452	53.406342	74.894951	8.078413	7.214643	6.883596	84547.242188	13.066492	0.000000													56.047698	0.661174
2021-09-26 15:30:00	2021-09-26 07:30:00																																	
2021-09-26 16:00:00	2021-09-26 08:00:00							1.341608	3.595785	3.837914	200.460838	2.851068	53.406342	74.894951	7.233394	7.140044	6.878747	84547.570312	17.988214	0.000000													36.354355	1.312666
2021-09-26 16:30:00	2021-09-26 08:30:00																																	
2021-09-26 17:00:00	2021-09-26 09:00:00							2.676866	4.723161	5.428984	209.542538	1.806421	53.406342	74.894951	6.304925	6.980826	6.864035	84561.859375	20.512201	0.000000													28.835217	1.717531
2021-09-26 17:30:00	2021-09-26 09:30:00																																	
2021-09-26 18:00:00	2021-09-26 10:00:00							2.835797	5.178882	5.904453	208.703770	1.160577	53.406342	74.894951	5.597960	6.792157	6.844714	84573.164062	21.878412	0.000000													25.314678	1.960042
2021-09-26 18:30:00	2021-09-26 10:30:00																																	
2021-09-26 19:00:00	2021-09-26 11:00:00							4.554024	4.511376	6.410277	225.269543	-0.896613	53.406342	74.894951	5.118003	6.597687	6.823105	84574.515625	22.696130	0.000000													20.740755	2.186140
2021-09-26 19:30:00	2021-09-26 11:30:00																																	
2021-09-26 20:00:00	2021-09-26 12:00:00							4.607941	4.098264	6.166757	228.350380	-0.992010	53.406342	74.894951	4.863559	6.418161	6.801425	84557.492188	23.130060	0.000000													20.062228	2.263529
2021-09-26 20:30:00	2021-09-26 12:30:00																																	
2021-09-26 21:00:00	2021-09-26 13:00:00							4.501390	5.002953	6.729936	221.979191	-1.081122	53.406342	74.894951	4.696152	6.247588	6.779170	84546.593750	23.197260	0.000435													19.850657	2.278752
2021-09-26 21:30:00	2021-09-26 13:30:00	0.000000	996.480000	0.900000	0.000000	11072.000000	10.000000																											
2021-09-26 22:00:00	2021-09-26 14:00:00							5.359369	4.026766	6.703557	233.080605	-1.067511	53.406342	74.894951	4.665792	6.102047	6.758177	84537.382812	22.883539	0.000436													20.251036	2.224764
2021-09-26 22:30:00	2021-09-26 14:30:00																																	
2021-09-26 23:00:00	2021-09-26 15:00:00							4.914266	4.052880	6.369917	230.487011	-0.968604	53.406342	74.894951	4.717257	5.981678	6.738695	84512.250000	22.210382	0.000423													21.249297	2.108964
2021-09-26 23:30:00	2021-09-26 15:30:00																																	
2021-09-27 00:00:00	2021-09-26 16:00:00							3.874531	3.364387	5.131382	229.031109	-0.423071	56.531483	76.883667	4.957630	5.910932	6.723608	84511.976562	21.089227	0.000423													23.683567	1.908421
2021-09-27 00:30:00	2021-09-26 16:30:00																																	
2021-09-27 01:00:00	2021-09-26 17:00:00							3.193737	3.116717	4.462497	225.699268	1.021661	56.531483	76.883667	5.517061	5.925882	6.717271	84513.554688	19.380060	0.000000													29.232229	1.592302
2021-09-27 01:30:00	2021-09-26 17:30:00																																	
2021-09-27 02:00:00	2021-09-26 18:00:00							1.794219	1.948608	2.648829	222.637939	2.504510	56.531483	76.883667	6.515762	6.069301	6.725080	84544.570312	17.204156	0.000000													37.266974	1.231413
2021-09-27 02:30:00	2021-09-26 18:30:00																																	
2021-09-27 03:00:00	2021-09-26 19:00:00							0.543731	2.055674	2.126367	194.815590	3.655725	56.531483	76.883667	7.607532	6.306738	6.744412	84555.250000	15.699426	0.000000													44.501716	0.989906
2021-09-27 03:30:00	2021-09-26 19:30:00																																	
2021-09-27 04:00:00	2021-09-26 20:00:00							0.846403	2.443226	2.585682	199.107544	4.092279	56.531483	76.883667	8.297635	6.548776	6.766380	84540.656250	14.413080	0.000000													49.852363	0.823407
2021-09-27 04:30:00	2021-09-26 20:30:00																																	
2021-09-27 05:00:00	2021-09-26 21:00:00							0.510658	2.650766	2.699506	190.904198	4.067865	56.531483	76.883667	8.539568	6.750343	6.786114	84567.476562	13.252618	0.000000													53.664754	0.705547
2021-09-27 05:30:00	2021-09-26 21:30:00																																	
2021-09-27 06:00:00	2021-09-26 22:00:00							-0.324005	2.846170	2.864553	173.505470	4.103021	56.531483	76.883667	8.284717	6.865854	6.798293	84580.234375	12.433496	0.000000													56.762637	0.623985
2021-09-27 06:30:00	2021-09-26 22:30:00																																	
2021-09-27 07:00:00	2021-09-26 23:00:00							0.178745	2.863512	2.869085	183.571854	4.258813	56.531483	76.883667	7.959952	6.935304	6.806488	84573.070312	12.141107	0.000000													58.502110	0.587472
2021-09-27 07:30:00	2021-09-26 23:30:00																																	
2021-09-27 08:00:00	2021-09-27 00:00:00							0.469180	3.328799	3.361701	188.022751	3.492151	56.531483	76.883667	7.367656	6.920861	6.806183	84551.312500	11.595636	0.000000													57.457878	0.580956
2021-09-27 08:30:00	2021-09-27 00:30:00																																	
2021-09-27 09:00:00	2021-09-27 01:00:00							-0.587276	3.152185	3.206425	169.446373	2.705347	56.531483	76.883667	7.004078	6.895548	6.804560	84560.210938	11.104913	0.000000													56.136415	0.579831
2021-09-27 09:30:00	2021-09-27 01:30:00	0.000000	996.480000	1.170000	0.000000	11072.000000	13.000000																											
2021-09-27 10:00:00	2021-09-27 02:00:00							0.238023	2.932637	2.942281	184.640152	1.999719	56.531483	76.883667	7.202990	6.941262	6.810410	84528.828125	10.657098	0.000000													54.994322	0.577464
2021-09-27 10:30:00	2021-09-27 02:30:00																																	
2021-09-27 11:00:00	2021-09-27 03:00:00							0.376925	3.756263	3.775127	185.730217	1.460565	56.531483	76.883667	7.528126	7.023597	6.820622	84513.875000	10.265436	0.000000													54.309852	0.571116
2021-09-27 11:30:00	2021-09-27 03:30:00																																	
2021-09-27 12:00:00	2021-09-27 04:00:00							0.271251	3.068030	3.079998	185.052505	1.127161	56.531483	76.883667	7.614337	7.084711	6.829239	84469.554688	9.980096	0.000000													54.044382	0.563566
2021-09-27 12:30:00	2021-09-27 04:30:00																																	
2021-09-27 13:00:00	2021-09-27 05:00:00							0.138522	3.129348	3.132413	182.534576	0.997705	56.531483	76.883667	7.734371	7.154199	6.839277	84440.640625	9.639764	0.000000													54.779107	0.542032
2021-09-27 13:30:00	2021-09-27 05:30:00																																	
2021-09-27 14:00:00	2021-09-27 06:00:00							0.533591	2.979781	3.027179	190.152374	1.093744	56.531483	76.883667	7.577191	7.178194	6.844964	84480.992188	9.534204	0.000035													55.552828	0.528991
2021-09-27 14:30:00	2021-09-27 06:30:00																																	
2021-09-27 15:00:00	2021-09-27 07:00:00							1.100027	4.021398	4.169137	195.298637	2.445093	56.531483	76.883667	7.678733	7.232549	6.854123	84512.687500	10.658868	0.000070													56.765360	0.554805
2021-09-27 15:30:00	2021-09-27 07:30:00																																	
2021-09-27 16:00:00	2021-09-27 08:00:00							1.588862	6.759925	6.944139	193.226799	-0.532233	56.531483	76.883667	7.147518	7.176912	6.851794	84532.101562	14.932733	0.000107													34.602528	1.110433
2021-09-27 16:30:00	2021-09-27 08:30:00																																	
2021-09-27 17:00:00	2021-09-27 09:00:00							3.159149	6.468920	7.199108	206.028942	-2.599677	56.531483	76.883667	6.377701	7.035259	6.839613	84549.914062	16.905542	0.000224													26.189625	1.421706
2021-09-27 17:30:00	2021-09-27 09:30:00																																	
2021-09-27 18:00:00	2021-09-27 10:00:00							2.528792	7.595298	8.005207	198.414757	-4.087622	56.531483	76.883667	5.565073	6.829167	6.819174	84548.343750	18.584161	0.000231													21.077336	1.689758
2021-09-27 18:30:00	2021-09-27 10:30:00																																	
2021-09-27 19:00:00	2021-09-27 11:00:00							4.316288	5.806993	7.235434	216.623104	-5.107184	56.531483	76.883667	5.022669	6.617111	6.796270	84540.835938	19.783350	0.000231													18.107561	1.889345
2021-09-27 19:30:00	2021-09-27 11:30:00																																	
2021-09-27 20:00:00	2021-09-27 12:00:00							5.986382	7.282627	9.427270	219.420498	-4.119147	56.531483	76.883667	4.893057	6.449766	6.776364	84506.132812	20.098901	0.000231													19.136037	1.902434
2021-09-27 20:30:00	2021-09-27 12:30:00																																	
2021-09-27 21:00:00	2021-09-27 13:00:00							7.188859	7.516217	10.400635	223.724720	-2.641180	56.531483	76.883667	5.084885	6.343867	6.761678	84493.148438	20.034235	0.000231													21.461669	1.840343
2021-09-27 21:30:00	2021-09-27 13:30:00	0.000000	996.480000	0.360000	0.000000	11072.000000	4.000000																											
2021-09-27 22:00:00	2021-09-27 14:00:00							6.219065	6.251725	8.818211	224.849953	-1.113745	56.531483	76.883667	5.061811	6.226043	6.744808	84459.625000	19.545099	0.000231													24.767704	1.710211
2021-09-27 22:30:00	2021-09-27 14:30:00																																	
2021-09-27 23:00:00	2021-09-27 15:00:00							4.806862	5.932416	7.635410	219.016830	0.097192	56.531483	76.883667	5.241796	6.153438	6.731852	84424.875000	18.777338	0.000231													28.385727	1.551920
2021-09-27 23:30:00	2021-09-27 15:30:00																																	
2021-09-28 00:00:00	2021-09-27 16:00:00							4.007871	4.904914	6.334130	219.252720	0.866632	58.371864	78.054817	5.685266	6.151211	6.725946	84368.445312	17.762964	0.000231													31.986155	1.383012
2021-09-28 00:30:00	2021-09-27 16:30:00																																	
2021-09-28 01:00:00	2021-09-27 17:00:00							4.254308	4.647811	6.300896	222.468990	3.011499	58.371864	78.054817	6.798749	6.310198	6.737564	84374.968750	15.915643	0.000000													41.934182	1.050128
2021-09-28 01:30:00	2021-09-27 17:30:00																																	
2021-09-28 02:00:00	2021-09-27 18:00:00							4.037929	3.340285	5.240456	230.401520	5.884668	58.371864	78.054817	8.531759	6.667219	6.772104	84399.414062	13.425775	0.000000													60.238269	0.612330
2021-09-28 02:30:00	2021-09-27 18:30:00																																	
2021-09-28 03:00:00	2021-09-27 19:00:00							2.173321	2.750541	3.505539	218.313778	7.565729	58.371864	78.054817	11.058155	7.291714	6.838817	84389.656250	11.802271	0.000001													75.228506	0.342932
2021-09-28 03:30:00	2021-09-27 19:30:00																																	
2021-09-28 04:00:00	2021-09-27 20:00:00							3.237554	2.871537	4.327526	228.428699	7.942499	58.371864	78.054817	13.147128	8.008926	6.921048	84369.148438	11.030573	0.002893													81.236706	0.246809
2021-09-28 04:30:00	2021-09-27 20:30:00																																	
2021-09-28 05:00:00	2021-09-27 21:00:00							2.139041	2.931850	3.629220	216.114025	7.971246	58.371864	78.054817	14.081581	8.641516	7.000318	84355.820312	10.513574	0.040419													84.247151	0.200198
2021-09-28 05:30:00	2021-09-27 21:30:00																																	
2021-09-28 06:00:00	2021-09-27 22:00:00							5.786678	4.472860	7.313831	232.297482	7.504785	58.371864	78.054817	16.174538	9.510538	7.110652	84357.015625	10.176569	0.213906													83.465822	0.205448
2021-09-28 06:30:00	2021-09-27 22:30:00																																	
2021-09-28 07:00:00	2021-09-27 23:00:00							3.615146	4.105491	5.470314	221.365971	7.699121	58.371864	78.054817	29.845837	12.580657	7.467169	84309.171875	9.297540	1.075537													89.724662	0.120359
2021-09-28 07:30:00	2021-09-27 23:30:00																																	
2021-09-28 08:00:00	2021-09-28 00:00:00							4.765122	5.462645	7.248922	221.098534	8.007654	58.371864	78.054817	37.791302	15.573956	7.841927	84318.742188	8.756647	2.510685													95.041781	0.055994
2021-09-28 08:30:00	2021-09-28 00:30:00																																	
2021-09-28 09:00:00	2021-09-28 01:00:00							5.498894	3.974459	6.784848	234.141571	8.127618	58.371864	78.054817	35.355000	17.139778	8.087487	84339.867188	8.435205	3.424000													97.931593	0.022856
2021-09-28 09:30:00	2021-09-28 01:30:00	0.000000	996.480000	0.000000	0.000000	11072.000000	0.000000																											
2021-09-28 10:00:00	2021-09-28 02:00:00							5.921812	2.290168	6.349230	248.856806	7.723138	58.371864	78.054817	30.518187	17.910860	8.259770	84298.164062	8.078424	3.788279													97.607367	0.025805
2021-09-28 10:30:00	2021-09-28 02:30:00																																	
2021-09-28 11:00:00	2021-09-28 03:00:00							3.032917	1.565831	3.413270	242.693645	6.900690	58.371864	78.054817	27.817217	18.561325	8.424833	84321.031250	7.615137	3.906588													95.222392	0.049925
2021-09-28 11:30:00	2021-09-28 03:30:00																																	
2021-09-28 12:00:00	2021-09-28 04:00:00							1.889148	0.929747	2.105542	243.795813	6.499567	58.371864	78.054817	26.058466	19.079361	8.580286	84288.179688	7.240228	3.934531													95.036157	0.050557
2021-09-28 12:30:00	2021-09-28 04:30:00																																	
2021-09-28 13:00:00	2021-09-28 05:00:00							0.180169	0.318688	0.366091	209.481564	6.404779	58.371864	78.054817	24.390043	19.408163	8.718762	84305.851562	7.262598	3.946521													94.272221	0.058427
2021-09-28 13:30:00	2021-09-28 05:30:00																																	
2021-09-28 14:00:00	2021-09-28 06:00:00							0.039703	0.531892	0.533372	184.268890	6.115045	58.371864	78.054817	23.038801	19.613932	8.845757	84300.632812	7.202570	3.952924													92.784964	0.073296
2021-09-28 14:30:00	2021-09-28 06:30:00																																	
2021-09-28 15:00:00	2021-09-28 07:00:00							-0.863935	0.588091	1.045100	124.243591	6.165918	58.371864	78.054817	20.647266	19.491301	8.937902	84302.273438	7.718439	3.954052													89.883366	0.106464
2021-09-28 15:30:00	2021-09-28 07:30:00																																	
2021-09-28 16:00:00	2021-09-28 08:00:00							-0.878402	0.573976	1.049304	123.161896	5.776483	58.371864	78.054817	18.853687	19.271807	9.017436	84294.929688	8.781122	3.954193													81.395122	0.210457
2021-09-28 16:30:00	2021-09-28 08:30:00																																	
2021-09-28 17:00:00	2021-09-28 09:00:00							-0.773306	0.220985	0.804262	105.948212	4.554468	58.371864	78.054817	15.879618	18.697058	9.055509	84292.046875	10.451410	3.956051													66.810018	0.420054
2021-09-28 17:30:00	2021-09-28 09:30:00																																	
2021-09-28 18:00:00	2021-09-28 10:00:00							0.878964	0.331245	0.939309	249.350651	1.208124	58.371864	78.054817	13.210571	17.960779	9.070060	84288.093750	12.977655	3.956668													44.573820	0.828945
2021-09-28 18:30:00	2021-09-28 10:30:00																																	
2021-09-28 19:00:00	2021-09-28 11:00:00							1.710228	-0.517566	1.786828	286.837393	-0.758948	58.371864	78.054817	11.118603	17.154215	9.069632	84279.648438	15.215631	3.956741													33.419330	1.151290
2021-09-28 19:30:00	2021-09-28 11:30:00																																	
2021-09-28 20:00:00	2021-09-28 12:00:00							2.541566	-1.548775	2.976284	301.357224	-1.892767	58.371864	78.054817	9.413746	16.301504	9.056306	84264.562500	16.052423	3.957245													29.139202	1.292773
2021-09-28 20:30:00	2021-09-28 12:30:00																																	
2021-09-28 21:00:00	2021-09-28 13:00:00							3.401880	-1.779939	3.839397	297.619556	-2.433234	58.371864	78.054817	8.339939	15.485807	9.038774	84236.984375	16.494867	3.962715													27.216527	1.365828
2021-09-28 21:30:00	2021-09-28 13:30:00	0.000000	996.480000	0.000000	0.000000	11072.000000	0.000000																											
2021-09-28 22:00:00	2021-09-28 14:00:00							5.834099	-2.799932	6.471192	295.637524	-3.051337	58.371864	78.054817	7.810593	14.745115	9.021564	84201.851562	16.547266	3.991991													25.905349	1.395075
2021-09-28 22:30:00	2021-09-28 14:30:00																																	
2021-09-28 23:00:00	2021-09-28 15:00:00							4.433842	-2.634029	5.157234	300.713430	-3.585028	58.371864	78.054817	7.347967	14.035553	9.000645	84194.601562	16.249170	3.992751													25.367787	1.378776
2021-09-28 23:30:00	2021-09-28 15:30:00																																	
2021-09-29 00:00:00	2021-09-28 16:00:00							4.162840	-2.844323	5.041766	304.343426	-3.965277	57.912884	77.762741	7.054871	13.378892	8.978721	84177.937500	15.532343	3.992753													25.809187	1.309229
2021-09-29 00:30:00	2021-09-28 16:30:00																																	
2021-09-29 01:00:00	2021-09-28 17:00:00							3.325787	-0.533598	3.368321	279.115001	-3.958075	57.912884	77.762741	6.935422	12.786409	8.957542	84193.101562	14.267236	0.000000													28.016294	1.170844
2021-09-29 01:30:00	2021-09-28 17:30:00																																	
2021-09-29 02:00:00	2021-09-28 18:00:00							1.298015	-0.211934	1.315203	279.273151	-3.082648	57.912884	77.762741	7.851437	12.423594	8.955682	84195.953125	12.468439	0.000000													33.641253	0.959866
2021-09-29 02:30:00	2021-09-28 18:30:00																																	
2021-09-29 03:00:00	2021-09-28 19:00:00							-0.028665	-0.442014	0.442943	3.710541	-2.209204	57.912884	77.762741	8.596286	12.145323	8.959456	84194.312500	11.184564	0.000000													39.077160	0.809607
2021-09-29 03:30:00	2021-09-28 19:30:00																																	
2021-09-29 04:00:00	2021-09-28 20:00:00							-2.007925	-0.270338	2.026042	82.332062	-2.116492	57.912884	77.762741	8.876197	11.875465	8.961382	84219.601562	10.210016	0.000000													41.986517	0.722472
2021-09-29 04:30:00	2021-09-28 20:30:00																																	
2021-09-29 05:00:00	2021-09-28 21:00:00							-2.711855	1.555439	3.126267	119.837296	-2.666388	57.912884	77.762741	8.583381	11.551828	8.954813	84240.851562	9.450006	0.000000													42.415268	0.681476
2021-09-29 05:30:00	2021-09-28 21:30:00																																	
2021-09-29 06:00:00	2021-09-28 22:00:00							-6.041607	1.543123	6.235563	104.327942	-2.778418	57.912884	77.762741	8.057530	11.188896	8.940877	84269.195312	8.699274	0.000000													44.249779	0.627159
2021-09-29 06:30:00	2021-09-28 22:30:00																																	
2021-09-29 07:00:00	2021-09-28 23:00:00							-6.692271	1.582538	6.876839	103.304489	-1.350531	57.912884	77.762741	7.642735	10.831308	8.924103	84301.101562	8.156000	0.000000													51.033037	0.530910
2021-09-29 07:30:00	2021-09-28 23:30:00																																	
2021-09-29 08:00:00	2021-09-29 00:00:00							-6.653996	0.370848	6.664323	93.189987	-1.713873	57.912884	77.762741	7.365279	10.493354	8.906121	84288.523438	8.019281	0.000000													50.148586	0.535493
2021-09-29 08:30:00	2021-09-29 00:30:00																																	
2021-09-29 09:00:00	2021-09-29 01:00:00							-3.363158	-0.201743	3.369203	86.567139	-1.870215	57.912884	77.762741	7.666704	10.265386	8.896935	84286.906250	7.999689	0.000000													49.638795	0.540248
2021-09-29 09:30:00	2021-09-29 01:30:00	0.000000	996.480000	0.270000	0.000000	11072.000000	3.000000																											
2021-09-29 10:00:00	2021-09-29 02:00:00							-2.038364	0.007191	2.038376	90.202133	-1.958990	57.912884	77.762741	7.848406	10.063592	8.888448	84255.625000	7.868463	0.000000													49.756872	0.534183
2021-09-29 10:30:00	2021-09-29 02:30:00																																	
2021-09-29 11:00:00	2021-09-29 03:00:00							-1.884910	-0.130636	1.889431	86.035370	-2.114539	57.912884	77.762741	8.009719	9.892737	8.881422	84268.960938	7.676904	0.000000													49.834235	0.526434
2021-09-29 11:30:00	2021-09-29 03:30:00																																	
2021-09-29 12:00:00	2021-09-29 04:00:00							-2.190245	-0.411457	2.228558	79.360474	-2.286536	57.912884	77.762741	8.115035	9.741759	8.874949	84253.023438	7.247980	0.000000													50.667810	0.502718
2021-09-29 12:30:00	2021-09-29 04:30:00																																	
2021-09-29 13:00:00	2021-09-29 05:00:00							-2.301381	-0.792957	2.434160	70.988235	-2.491949	57.912884	77.762741	8.247215	9.618769	8.870096	84286.367188	6.791742	0.000000													51.488516	0.479110
2021-09-29 13:30:00	2021-09-29 05:30:00																																	
2021-09-29 14:00:00	2021-09-29 06:00:00							-2.551474	-0.535169	2.606995	78.153976	-2.626654	57.912884	77.762741	8.252127	9.495835	8.864093	84306.593750	6.453546	0.000000													52.176646	0.461439
2021-09-29 14:30:00	2021-09-29 06:30:00																																	
2021-09-29 15:00:00	2021-09-29 07:00:00							-2.446358	-0.324844	2.467832	82.436127	-2.359442	57.912884	77.762741	7.984146	9.335169	8.852852	84318.460938	7.515924	0.000000													49.478494	0.524368
2021-09-29 15:30:00	2021-09-29 07:30:00																																	
2021-09-29 16:00:00	2021-09-29 08:00:00							-1.861455	-0.136509	1.866453	85.805740	-2.866919	57.912884	77.762741	7.342788	9.097399	8.831784	84330.882812	11.150446	0.000000													37.296361	0.831387
2021-09-29 16:30:00	2021-09-29 08:30:00																																	
2021-09-29 17:00:00	2021-09-29 09:00:00							-1.254696	-0.329124	1.297145	75.301651	-5.948431	57.912884	77.762741	6.498196	8.786496	8.800661	84349.070312	14.207758	0.000000													24.180387	1.228494
2021-09-29 17:30:00	2021-09-29 09:30:00																																	
2021-09-29 18:00:00	2021-09-29 10:00:00							-1.287796	-1.316007	1.841274	44.379242	-6.613409	57.912884	77.762741	5.682567	8.432643	8.762139	84369.039062	16.116998	0.000000													20.322271	1.459632
2021-09-29 18:30:00	2021-09-29 10:30:00																																	
2021-09-29 19:00:00	2021-09-29 11:00:00							-0.891650	-1.571648	1.806964	29.567726	-6.404700	57.912884	77.762741	5.169482	8.091729	8.721934	84397.429688	17.114618	0.000000													19.382346	1.573535
2021-09-29 19:30:00	2021-09-29 11:30:00																																	
2021-09-29 20:00:00	2021-09-29 12:00:00							0.824504	-1.135775	1.403493	324.022614	-6.054572	57.912884	77.762741	4.976214	7.793021	8.683362	84393.210938	18.158624	0.000000													18.641782	1.696046
2021-09-29 20:30:00	2021-09-29 12:30:00																																	
2021-09-29 21:00:00	2021-09-29 13:00:00							0.533677	-1.748340	1.827978	343.025299	-5.982672	57.912884	77.762741	4.844342	7.514915	8.644478	84363.210938	18.835931	0.000852													17.966206	1.784237
2021-09-29 21:30:00	2021-09-29 13:30:00	0.000000	996.480000	0.000000	0.000000	11072.000000	0.000000																											
2021-09-29 22:00:00	2021-09-29 14:00:00							1.149217	-1.253294	1.700425	317.480511	-5.899908	57.912884	77.762741	4.862858	7.277166	8.607627	84363.554688	19.107599	0.000852													17.776493	1.818938
2021-09-29 22:30:00	2021-09-29 14:30:00																																	
2021-09-29 23:00:00	2021-09-29 15:00:00							1.391804	-0.816876	1.613817	300.409475	-5.850195	57.912884	77.762741	4.939031	7.072963	8.572449	84376.570312	18.916925	0.000852													18.057758	1.791282
2021-09-29 23:30:00	2021-09-29 15:30:00																																	
2021-09-30 00:00:00	2021-09-29 16:00:00							0.522212	-1.177475	1.288081	336.082626	-5.848547	58.803097	78.329239	5.119442	6.912892	8.540402	84393.148438	18.160760	0.000852													18.935652	1.690147
2021-09-30 00:30:00	2021-09-29 16:30:00																																	
2021-09-30 01:00:00	2021-09-29 17:00:00							0.001998	-0.899947	0.899949	359.872787	-4.967291	58.803097	78.329239	5.384020	6.798757	8.512085	84420.242188	16.676447	0.000000													22.241592	1.476129
2021-09-30 01:30:00	2021-09-29 17:30:00																																	
2021-09-30 02:00:00	2021-09-29 18:00:00							-2.121511	-1.152597	2.414392	61.485168	-3.201361	58.803097	78.329239	5.883928	6.761302	8.491245	84450.726562	14.549951	0.000000													29.115501	1.174243
2021-09-30 02:30:00	2021-09-29 18:30:00																																	
2021-09-30 03:00:00	2021-09-29 19:00:00							-3.147092	-0.408085	3.173440	82.611633	-2.909338	58.803097	78.329239	6.360326	6.768114	8.475043	84503.726562	13.066156	0.000000													32.770179	1.011315
2021-09-30 03:30:00	2021-09-29 19:30:00																																	
2021-09-30 04:00:00	2021-09-29 20:00:00							-4.804807	0.187361	4.808459	92.233093	-3.046515	58.803097	78.329239	6.323680	6.724683	8.453617	84509.851562	11.443872	0.000000													36.090708	0.864023
2021-09-30 04:30:00	2021-09-29 20:30:00																																	
2021-09-30 05:00:00	2021-09-29 21:00:00							-5.426269	0.789125	5.483349	98.274338	-3.583563	58.803097	78.329239	6.296205	6.683521	8.432222	84544.476562	10.575739	0.000000													36.727917	0.807446
2021-09-30 05:30:00	2021-09-29 21:30:00																																	
2021-09-30 06:00:00	2021-09-29 22:00:00							-3.885602	0.001105	3.885603	90.016296	-4.336218	58.803097	78.329239	5.992480	6.593714	8.405356	84567.210938	10.042505	0.000000													35.964384	0.788576
2021-09-30 06:30:00	2021-09-29 22:30:00																																	
2021-09-30 07:00:00	2021-09-29 23:00:00							-4.441635	-0.267290	4.449670	86.556183	-4.321783	58.803097	78.329239	5.706037	6.487716	8.376119	84588.585938	9.836755	0.000000													36.503681	0.771223
2021-09-30 07:30:00	2021-09-29 23:30:00																																	
2021-09-30 08:00:00	2021-09-30 00:00:00							-5.292372	0.018266	5.292403	90.197754	-5.027319	58.803097	78.329239	5.526997	6.384819	8.346465	84589.882812	9.670221	0.000000													34.993545	0.780785
2021-09-30 08:30:00	2021-09-30 00:30:00																																	
2021-09-30 09:00:00	2021-09-30 01:00:00							-3.371448	-0.236823	3.379755	85.981918	-5.136420	58.803097	78.329239	5.492733	6.301191	8.318185	84596.468750	9.515375	0.000000													35.067783	0.771816
2021-09-30 09:30:00	2021-09-30 01:30:00																																	
2021-09-30 10:00:00	2021-09-30 02:00:00							-5.034223	-0.088801	5.035006	88.989426	-4.867682	58.803097	78.329239	5.457078	6.221768	8.289819	84602.718750	9.364313	0.000000													36.156650	0.751196
2021-09-30 10:30:00	2021-09-30 02:30:00																																	
2021-09-30 11:00:00	2021-09-30 03:00:00							-3.136883	-0.302850	3.151468	84.485474	-4.519781	58.803097	78.329239	5.296227	6.123690	8.258928	84594.093750	9.148920	0.000435													37.665063	0.722874
2021-09-30 11:30:00	2021-09-30 03:30:00																																	
2021-09-30 12:00:00	2021-09-30 04:00:00							-4.028839	-0.150041	4.031632	87.867188	-4.252264	58.803097	78.329239	5.412023	6.069897	8.232184	84591.476562	8.935999	0.000435													38.990627	0.697402
2021-09-30 12:30:00	2021-09-30 04:30:00																																	
2021-09-30 13:00:00	2021-09-30 05:00:00							-4.069623	-0.616198	4.116010	81.390015	-4.080511	58.803097	78.329239	5.411225	6.010362	8.204553	84615.992188	8.734308	0.000435													40.041455	0.676102
2021-09-30 13:30:00	2021-09-30 05:30:00																																	
2021-09-30 14:00:00	2021-09-30 06:00:00							-3.879853	-0.684169	3.939714	79.999329	-3.989722	58.803097	78.329239	5.469744	5.966840	8.178346	84617.664062	8.522211	0.000435													40.899793	0.656914
2021-09-30 14:30:00	2021-09-30 06:30:00																																	
2021-09-30 15:00:00	2021-09-30 07:00:00							-3.655047	-0.299168	3.667270	85.320724	-3.482855	58.803097	78.329239	5.327289	5.896241	8.149033	84657.023438	9.603937	0.000435													39.494576	0.723494
2021-09-30 15:30:00	2021-09-30 07:30:00																																	
2021-09-30 16:00:00	2021-09-30 08:00:00							-3.329249	-0.307343	3.343406	84.725616	-4.031561	58.803097	78.329239	5.073097	5.798980	8.116422	84667.906250	13.276422	0.000435													29.715493	1.071887
2021-09-30 16:30:00	2021-09-30 08:30:00																																	
2021-09-30 17:00:00	2021-09-30 09:00:00							-2.239280	0.023512	2.239403	90.601593	-5.392340	58.803097	78.329239	4.498223	5.629649	8.075361	84660.773438	16.724847	0.000435													21.467920	1.495406
2021-09-30 17:30:00	2021-09-30 09:30:00																																	
2021-09-30 18:00:00	2021-09-30 10:00:00							-3.100997	-1.106910	3.292634	70.355820	-7.145453	58.803097	78.329239	3.866504	5.413443	8.027959	84673.929688	18.995294	0.000435													16.265336	1.839440
2021-09-30 18:30:00	2021-09-30 10:30:00																																	
2021-09-30 19:00:00	2021-09-30 11:00:00							-1.574959	-0.254474	1.595385	80.821762	-7.046088	58.803097	78.329239	3.488893	5.205607	7.979814	84652.062500	20.140863	0.000435													15.265073	1.998684
2021-09-30 19:30:00	2021-09-30 11:30:00																																	
2021-09-30 20:00:00	2021-09-30 12:00:00							-0.492734	0.000340	0.492735	90.039566	-6.581030	58.803097	78.329239	3.410072	5.036395	7.934292	84630.664062	21.118372	0.000435													14.898014	2.131929
2021-09-30 20:30:00	2021-09-30 12:30:00																																	
2021-09-30 21:00:00	2021-09-30 13:00:00							2.492310	0.047442	2.492762	268.909477	-6.121893	58.803097	78.329239	3.443273	4.895570	7.890639	84577.062500	21.581293	0.000435													15.001466	2.190585
2021-09-30 21:30:00	2021-09-30 13:30:00																																	
2021-09-30 22:00:00	2021-09-30 14:00:00							2.505099	-0.574209	2.570065	282.910106	-5.605414	58.803097	78.329239	3.567495	4.786890	7.849522	84540.500000	21.601984	0.000435													15.586412	2.178264
2021-09-30 22:30:00	2021-09-30 14:30:00																																	
2021-09-30 23:00:00	2021-09-30 15:00:00							2.331662	-0.463172	2.377220	281.235247	-5.130713	58.803097	78.329239	3.735439	4.707129	7.810880	84527.429688	21.197260	0.000435													16.565924	2.100285
